event_id,updated_at,status,payload
EVT-0233,2026-10-05 14:45:00,PENDING,"{""source"":""app"",""version"":5,""value"":8237}"
EVT-0256,2026-10-05 13:51:00,REJECTED,"{""source"":""app"",""version"":4,""value"":779}"
EVT-0203,2026-10-05 12:59:00,REJECTED,"{""source"":""app"",""version"":4,""value"":73}"
EVT-0111,2026-10-05 16:58:00,CANCELLED,"{""source"":""app"",""version"":5,""value"":1048}"
EVT-0003,2026-10-05 18:06:00,REJECTED,"{""source"":""app"",""version"":4,""value"":4549}"
EVT-0216,2026-10-05 16:17:00,PENDING,"{""source"":""app"",""version"":5,""value"":9159}"
EVT-0091,2026-10-05 13:27:00,VALIDATED,"{""source"":""app"",""version"":2,""value"":6125}"
EVT-0120,2026-10-05 17:44:00,REJECTED,"{""source"":""app"",""version"":5,""value"":6365}"
EVT-0147,2026-10-05 10:48:00,CANCELLED,"{""source"":""app"",""version"":4,""value"":9869}"
EVT-0156,2026-10-05 09:12:00,VALIDATED,"{""source"":""app"",""version"":4,""value"":3467}"
EVT-0250,2026-10-05 14:14:00,VALIDATED,"{""source"":""app"",""version"":5,""value"":8438}"
EVT-0011,2026-10-05 17:00:00,CANCELLED,"{""source"":""app"",""version"":5,""value"":6433}"
EVT-0144,2026-10-05 12:45:00,VALIDATED,"{""source"":""app"",""version"":4,""value"":616}"
EVT-0172,2026-10-05 11:16:00,VALIDATED,"{""source"":""app"",""version"":3,""value"":5212}"
EVT-0180,2026-10-05 11:41:00,CANCELLED,"{""source"":""app"",""version"":4,""value"":1619}"
EVT-0219,2026-10-05 13:07:00,PENDING,"{""source"":""app"",""version"":5,""value"":4689}"
EVT-0188,2026-10-05 09:21:00,CANCELLED,"{""source"":""app"",""version"":1,""value"":9702}"
EVT-0191,2026-10-05 15:32:00,VALIDATED,"{""source"":""app"",""version"":4,""value"":2943}"
EVT-0074,2026-10-05 11:26:00,REJECTED,"{""source"":""app"",""version"":2,""value"":6052}"
EVT-0190,2026-10-05 10:36:00,REJECTED,"{""source"":""app"",""version"":4,""value"":6629}"
EVT-0187,2026-10-05 19:33:00,VALIDATED,"{""source"":""app"",""version"":5,""value"":2647}"
EVT-0168,2026-10-05 13:10:00,VALIDATED,"{""source"":""app"",""version"":5,""value"":3618}"
EVT-0175,2026-10-05 13:49:00,CANCELLED,"{""source"":""app"",""version"":2,""value"":7637}"
EVT-0101,2026-10-05 17:21:00,CANCELLED,"{""source"":""app"",""version"":4,""value"":6591}"
EVT-0163,2026-10-05 11:35:00,PENDING,"{""source"":""app"",""version"":2,""value"":3381}"
EVT-0240,2026-10-05 13:37:00,VALIDATED,"{""source"":""app"",""version"":3,""value"":715}"
EVT-0200,2026-10-05 11:14:00,CANCELLED,"{""source"":""app"",""version"":4,""value"":8104}"
EVT-0160,2026-10-05 16:17:00,REJECTED,"{""source"":""app"",""version"":3,""value"":239}"
EVT-0056,2026-10-05 11:13:00,PENDING,"{""source"":""app"",""version"":3,""value"":3483}"
EVT-0153,2026-10-05 13:03:00,CANCELLED,"{""source"":""app"",""version"":4,""value"":4748}"
EVT-0081,2026-10-05 07:11:00,PENDING,"{""source"":""app"",""version"":1,""value"":3553}"
EVT-0108,2026-10-05 12:01:00,CANCELLED,"{""source"":""app"",""version"":2,""value"":3070}"
EVT-0154,2026-10-05 08:31:00,VALIDATED,"{""source"":""app"",""version"":2,""value"":7151}"
EVT-0093,2026-10-05 17:44:00,CANCELLED,"{""source"":""app"",""version"":5,""value"":127}"
EVT-0248,2026-10-05 10:00:00,CANCELLED,"{""source"":""app"",""version"":4,""value"":2391}"
EVT-0026,2026-10-05 15:36:00,CANCELLED,"{""source"":""app"",""version"":3,""value"":7491}"
EVT-0040,2026-10-05 19:53:00,VALIDATED,"{""source"":""app"",""version"":5,""value"":1547}"
EVT-0253,2026-10-05 14:32:00,PENDING,"{""source"":""app"",""version"":2,""value"":4114}"
EVT-0004,2026-10-05 17:21:00,CANCELLED,"{""source"":""app"",""version"":3,""value"":3982}"
EVT-0260,2026-10-05 16:48:00,VALIDATED,"{""source"":""app"",""version"":5,""value"":8539}"
EVT-0226,2026-10-05 11:50:00,REJECTED,"{""source"":""app"",""version"":1,""value"":4766}"
EVT-0179,2026-10-05 15:34:00,CANCELLED,"{""source"":""app"",""version"":4,""value"":8744}"
EVT-0207,2026-10-05 14:39:00,VALIDATED,"{""source"":""app"",""version"":5,""value"":4276}"
EVT-0031,2026-10-05 12:18:00,REJECTED,"{""source"":""app"",""version"":4,""value"":2629}"
EVT-0002,2026-10-05 09:55:00,PENDING,"{""source"":""app"",""version"":3,""value"":3201}"
EVT-0183,2026-10-05 11:13:00,VALIDATED,"{""source"":""app"",""version"":4,""value"":3783}"
EVT-0242,2026-10-05 10:51:00,CANCELLED,"{""source"":""app"",""version"":3,""value"":6451}"
EVT-0218,2026-10-05 13:04:00,REJECTED,"{""source"":""app"",""version"":2,""value"":6809}"
EVT-0173,2026-10-05 12:25:00,PENDING,"{""source"":""app"",""version"":4,""value"":7046}"
EVT-0255,2026-10-05 09:59:00,PENDING,"{""source"":""app"",""version"":3,""value"":57}"
EVT-0100,2026-10-05 11:18:00,REJECTED,"{""source"":""app"",""version"":4,""value"":3494}"
EVT-0023,2026-10-05 17:35:00,REJECTED,"{""source"":""app"",""version"":4,""value"":9708}"
EVT-0106,2026-10-05 11:57:00,PENDING,"{""source"":""app"",""version"":4,""value"":9040}"
EVT-0102,2026-10-05 15:10:00,PENDING,"{""source"":""app"",""version"":3,""value"":3051}"
EVT-0205,2026-10-05 09:32:00,CANCELLED,"{""source"":""app"",""version"":3,""value"":2638}"
EVT-0085,2026-10-05 13:40:00,PENDING,"{""source"":""app"",""version"":5,""value"":2063}"
EVT-0087,2026-10-05 12:47:00,CANCELLED,"{""source"":""app"",""version"":2,""value"":8124}"
EVT-0234,2026-10-05 17:34:00,PENDING,"{""source"":""app"",""version"":4,""value"":5268}"
EVT-0013,2026-10-05 11:54:00,CANCELLED,"{""source"":""app"",""version"":4,""value"":9942}"
EVT-0070,2026-10-05 13:44:00,REJECTED,"{""source"":""app"",""version"":4,""value"":7293}"
EVT-0199,2026-10-05 16:10:00,REJECTED,"{""source"":""app"",""version"":5,""value"":8930}"
EVT-0243,2026-10-05 11:15:00,VALIDATED,"{""source"":""app"",""version"":3,""value"":1819}"
EVT-0197,2026-10-05 14:30:00,VALIDATED,"{""source"":""app"",""version"":5,""value"":3136}"
EVT-0115,2026-10-05 18:05:00,PENDING,"{""source"":""app"",""version"":5,""value"":9259}"
EVT-0129,2026-10-05 11:13:00,REJECTED,"{""source"":""app"",""version"":2,""value"":1381}"
EVT-0046,2026-10-05 16:27:00,PENDING,"{""source"":""app"",""version"":3,""value"":4035}"
EVT-0007,2026-10-05 12:50:00,VALIDATED,"{""source"":""app"",""version"":1,""value"":5083}"
EVT-0229,2026-10-05 14:11:00,PENDING,"{""source"":""app"",""version"":3,""value"":823}"
EVT-0224,2026-10-05 12:30:00,PENDING,"{""source"":""app"",""version"":3,""value"":5764}"
EVT-0140,2026-10-05 16:39:00,PENDING,"{""source"":""app"",""version"":5,""value"":4983}"
EVT-0034,2026-10-05 14:05:00,CANCELLED,"{""source"":""app"",""version"":4,""value"":6719}"
EVT-0076,2026-10-05 14:20:00,REJECTED,"{""source"":""app"",""version"":5,""value"":8023}"
EVT-0010,2026-10-05 16:31:00,REJECTED,"{""source"":""app"",""version"":5,""value"":2762}"
EVT-0053,2026-10-05 11:27:00,VALIDATED,"{""source"":""app"",""version"":4,""value"":2492}"
EVT-0029,2026-10-05 14:19:00,CANCELLED,"{""source"":""app"",""version"":4,""value"":6654}"
EVT-0096,2026-10-05 11:57:00,PENDING,"{""source"":""app"",""version"":2,""value"":8830}"
EVT-0141,2026-10-05 09:57:00,VALIDATED,"{""source"":""app"",""version"":2,""value"":4675}"
EVT-0038,2026-10-05 16:26:00,PENDING,"{""source"":""app"",""version"":5,""value"":6475}"
EVT-0060,2026-10-05 13:59:00,REJECTED,"{""source"":""app"",""version"":5,""value"":4073}"
EVT-0032,2026-10-05 12:53:00,PENDING,"{""source"":""app"",""version"":2,""value"":7717}"
EVT-0181,2026-10-05 18:47:00,PENDING,"{""source"":""app"",""version"":5,""value"":9966}"
EVT-0110,2026-10-05 15:24:00,PENDING,"{""source"":""app"",""version"":3,""value"":4764}"
EVT-0113,2026-10-05 16:41:00,CANCELLED,"{""source"":""app"",""version"":3,""value"":935}"
EVT-0082,2026-10-05 12:13:00,VALIDATED,"{""source"":""app"",""version"":3,""value"":850}"
EVT-0236,2026-10-05 11:38:00,REJECTED,"{""source"":""app"",""version"":3,""value"":4347}"
EVT-0139,2026-10-05 13:18:00,VALIDATED,"{""source"":""app"",""version"":4,""value"":9979}"
EVT-0213,2026-10-05 17:25:00,PENDING,"{""source"":""app"",""version"":5,""value"":3699}"
EVT-0067,2026-10-05 12:26:00,VALIDATED,"{""source"":""app"",""version"":3,""value"":5110}"
EVT-0063,2026-10-05 16:28:00,REJECTED,"{""source"":""app"",""version"":2,""value"":4613}"
EVT-0095,2026-10-05 10:45:00,VALIDATED,"{""source"":""app"",""version"":2,""value"":6072}"
EVT-0132,2026-10-05 13:49:00,REJECTED,"{""source"":""app"",""version"":5,""value"":8484}"
EVT-0225,2026-10-05 11:50:00,REJECTED,"{""source"":""app"",""version"":3,""value"":1068}"
EVT-0184,2026-10-05 17:38:00,PENDING,"{""source"":""app"",""version"":5,""value"":8033}"
EVT-0059,2026-10-05 13:55:00,CANCELLED,"{""source"":""app"",""version"":2,""value"":696}"
EVT-0192,2026-10-05 14:55:00,VALIDATED,"{""source"":""app"",""version"":4,""value"":9598}"
EVT-0045,2026-10-05 15:38:00,REJECTED,"{""source"":""app"",""version"":2,""value"":9169}"
EVT-0247,2026-10-05 12:23:00,REJECTED,"{""source"":""app"",""version"":2,""value"":1645}"
EVT-0222,2026-10-05 09:24:00,REJECTED,"{""source"":""app"",""version"":5,""value"":122}"
EVT-0065,2026-10-05 10:59:00,CANCELLED,"{""source"":""app"",""version"":2,""value"":1174}"
EVT-0068,2026-10-05 13:38:00,PENDING,"{""source"":""app"",""version"":4,""value"":4691}"
EVT-0196,2026-10-05 16:06:00,CANCELLED,"{""source"":""app"",""version"":3,""value"":7084}"
EVT-0235,2026-10-05 14:22:00,CANCELLED,"{""source"":""app"",""version"":4,""value"":2583}"
EVT-0246,2026-10-05 15:10:00,PENDING,"{""source"":""app"",""version"":5,""value"":1185}"
EVT-0016,2026-10-05 11:33:00,PENDING,"{""source"":""app"",""version"":2,""value"":2409}"
EVT-0021,2026-10-05 11:24:00,CANCELLED,"{""source"":""app"",""version"":4,""value"":9897}"
EVT-0079,2026-10-05 16:51:00,REJECTED,"{""source"":""app"",""version"":4,""value"":6639}"
EVT-0182,2026-10-05 08:36:00,PENDING,"{""source"":""app"",""version"":1,""value"":1658}"
EVT-0069,2026-10-05 11:47:00,REJECTED,"{""source"":""app"",""version"":2,""value"":6967}"
EVT-0221,2026-10-05 16:35:00,REJECTED,"{""source"":""app"",""version"":5,""value"":8636}"
EVT-0098,2026-10-05 14:36:00,REJECTED,"{""source"":""app"",""version"":2,""value"":3500}"
EVT-0064,2026-10-05 16:58:00,PENDING,"{""source"":""app"",""version"":3,""value"":6856}"
EVT-0131,2026-10-05 13:21:00,PENDING,"{""source"":""app"",""version"":5,""value"":9408}"
EVT-0241,2026-10-05 10:36:00,VALIDATED,"{""source"":""app"",""version"":5,""value"":6863}"
EVT-0126,2026-10-05 18:41:00,CANCELLED,"{""source"":""app"",""version"":4,""value"":3187}"
EVT-0176,2026-10-05 17:30:00,VALIDATED,"{""source"":""app"",""version"":4,""value"":8248}"
EVT-0146,2026-10-05 11:11:00,REJECTED,"{""source"":""app"",""version"":2,""value"":7188}"
EVT-0036,2026-10-05 12:21:00,CANCELLED,"{""source"":""app"",""version"":4,""value"":3982}"
EVT-0105,2026-10-05 11:57:00,PENDING,"{""source"":""app"",""version"":3,""value"":1909}"
EVT-0014,2026-10-05 11:49:00,VALIDATED,"{""source"":""app"",""version"":2,""value"":54}"
EVT-0211,2026-10-05 12:42:00,VALIDATED,"{""source"":""app"",""version"":4,""value"":2526}"
EVT-0152,2026-10-05 11:23:00,PENDING,"{""source"":""app"",""version"":2,""value"":7417}"
EVT-0128,2026-10-05 16:50:00,VALIDATED,"{""source"":""app"",""version"":4,""value"":6158}"
EVT-0133,2026-10-05 15:23:00,PENDING,"{""source"":""app"",""version"":3,""value"":9030}"
EVT-0124,2026-10-05 12:02:00,REJECTED,"{""source"":""app"",""version"":3,""value"":2220}"
EVT-0005,2026-10-05 07:04:00,VALIDATED,"{""source"":""app"",""version"":1,""value"":6579}"
EVT-0086,2026-10-05 11:12:00,CANCELLED,"{""source"":""app"",""version"":4,""value"":7365}"
EVT-0198,2026-10-05 20:38:00,CANCELLED,"{""source"":""app"",""version"":5,""value"":7782}"
EVT-0215,2026-10-05 20:13:00,VALIDATED,"{""source"":""app"",""version"":4,""value"":4004}"
EVT-0072,2026-10-05 19:29:00,CANCELLED,"{""source"":""app"",""version"":5,""value"":5367}"
EVT-0012,2026-10-05 12:21:00,REJECTED,"{""source"":""app"",""version"":3,""value"":5413}"
EVT-0174,2026-10-05 14:44:00,PENDING,"{""source"":""app"",""version"":4,""value"":8853}"
EVT-0103,2026-10-05 11:24:00,CANCELLED,"{""source"":""app"",""version"":4,""value"":8100}"
EVT-0164,2026-10-05 14:25:00,VALIDATED,"{""source"":""app"",""version"":3,""value"":6149}"
EVT-0257,2026-10-05 17:25:00,VALIDATED,"{""source"":""app"",""version"":3,""value"":9263}"
EVT-0116,2026-10-05 13:36:00,CANCELLED,"{""source"":""app"",""version"":3,""value"":8536}"
EVT-0114,2026-10-05 07:39:00,REJECTED,"{""source"":""app"",""version"":2,""value"":7344}"
EVT-0209,2026-10-05 12:28:00,PENDING,"{""source"":""app"",""version"":4,""value"":4524}"
EVT-0252,2026-10-05 11:53:00,VALIDATED,"{""source"":""app"",""version"":3,""value"":5782}"
EVT-0030,2026-10-05 17:55:00,REJECTED,"{""source"":""app"",""version"":4,""value"":3318}"
EVT-0089,2026-10-05 16:01:00,PENDING,"{""source"":""app"",""version"":5,""value"":7386}"
EVT-0165,2026-10-05 13:37:00,PENDING,"{""source"":""app"",""version"":3,""value"":462}"
EVT-0055,2026-10-05 17:16:00,VALIDATED,"{""source"":""app"",""version"":5,""value"":6027}"
EVT-0104,2026-10-05 18:42:00,CANCELLED,"{""source"":""app"",""version"":4,""value"":7829}"
EVT-0249,2026-10-05 16:27:00,REJECTED,"{""source"":""app"",""version"":5,""value"":9424}"
EVT-0049,2026-10-05 13:23:00,PENDING,"{""source"":""app"",""version"":1,""value"":9451}"
EVT-0210,2026-10-05 11:47:00,PENDING,"{""source"":""app"",""version"":2,""value"":693}"
EVT-0051,2026-10-05 11:27:00,REJECTED,"{""source"":""app"",""version"":4,""value"":7285}"
EVT-0212,2026-10-05 09:12:00,VALIDATED,"{""source"":""app"",""version"":4,""value"":3686}"
EVT-0223,2026-10-05 13:17:00,CANCELLED,"{""source"":""app"",""version"":3,""value"":6460}"
EVT-0073,2026-10-05 19:27:00,REJECTED,"{""source"":""app"",""version"":5,""value"":1480}"
EVT-0162,2026-10-05 16:29:00,PENDING,"{""source"":""app"",""version"":4,""value"":6847}"
EVT-0127,2026-10-05 12:32:00,CANCELLED,"{""source"":""app"",""version"":2,""value"":8018}"
EVT-0028,2026-10-05 13:55:00,PENDING,"{""source"":""app"",""version"":2,""value"":1064}"
EVT-0052,2026-10-05 13:23:00,VALIDATED,"{""source"":""app"",""version"":5,""value"":8109}"
EVT-0214,2026-10-05 13:15:00,REJECTED,"{""source"":""app"",""version"":1,""value"":6527}"
EVT-0048,2026-10-05 11:02:00,CANCELLED,"{""source"":""app"",""version"":4,""value"":2694}"
EVT-0143,2026-10-05 13:31:00,REJECTED,"{""source"":""app"",""version"":3,""value"":3568}"
EVT-0018,2026-10-05 08:41:00,VALIDATED,"{""source"":""app"",""version"":2,""value"":4256}"
EVT-0142,2026-10-05 16:00:00,VALIDATED,"{""source"":""app"",""version"":2,""value"":8376}"
EVT-0159,2026-10-05 09:47:00,CANCELLED,"{""source"":""app"",""version"":2,""value"":818}"
EVT-0134,2026-10-05 08:37:00,REJECTED,"{""source"":""app"",""version"":1,""value"":7359}"
EVT-0185,2026-10-05 17:42:00,PENDING,"{""source"":""app"",""version"":4,""value"":7837}"
EVT-0158,2026-10-05 11:30:00,REJECTED,"{""source"":""app"",""version"":2,""value"":2523}"
EVT-0118,2026-10-05 10:36:00,REJECTED,"{""source"":""app"",""version"":5,""value"":8297}"
EVT-0083,2026-10-05 07:22:00,PENDING,"{""source"":""app"",""version"":2,""value"":7619}"
EVT-0161,2026-10-05 08:41:00,VALIDATED,"{""source"":""app"",""version"":2,""value"":2655}"
EVT-0231,2026-10-05 14:21:00,CANCELLED,"{""source"":""app"",""version"":3,""value"":7733}"
EVT-0008,2026-10-05 12:58:00,VALIDATED,"{""source"":""app"",""version"":3,""value"":6485}"
EVT-0066,2026-10-05 10:04:00,CANCELLED,"{""source"":""app"",""version"":3,""value"":7746}"
EVT-0227,2026-10-05 17:34:00,CANCELLED,"{""source"":""app"",""version"":4,""value"":3732}"
EVT-0001,2026-10-05 13:00:00,PENDING,"{""source"":""app"",""version"":3,""value"":7728}"
EVT-0084,2026-10-05 14:25:00,VALIDATED,"{""source"":""app"",""version"":5,""value"":3545}"
EVT-0058,2026-10-05 09:01:00,VALIDATED,"{""source"":""app"",""version"":1,""value"":8392}"
EVT-0150,2026-10-05 08:03:00,PENDING,"{""source"":""app"",""version"":1,""value"":7160}"
EVT-0145,2026-10-05 15:06:00,VALIDATED,"{""source"":""app"",""version"":5,""value"":4519}"
EVT-0195,2026-10-05 17:40:00,CANCELLED,"{""source"":""app"",""version"":5,""value"":8210}"
EVT-0121,2026-10-05 17:13:00,REJECTED,"{""source"":""app"",""version"":4,""value"":5992}"
EVT-0194,2026-10-05 07:28:00,VALIDATED,"{""source"":""app"",""version"":2,""value"":6720}"
EVT-0047,2026-10-05 11:31:00,CANCELLED,"{""source"":""app"",""version"":1,""value"":3051}"
EVT-0061,2026-10-05 13:32:00,VALIDATED,"{""source"":""app"",""version"":5,""value"":1920}"
EVT-0170,2026-10-05 13:52:00,VALIDATED,"{""source"":""app"",""version"":3,""value"":3645}"
EVT-0009,2026-10-05 16:11:00,REJECTED,"{""source"":""app"",""version"":5,""value"":3190}"
EVT-0054,2026-10-05 11:05:00,CANCELLED,"{""source"":""app"",""version"":2,""value"":5059}"
EVT-0027,2026-10-05 12:58:00,PENDING,"{""source"":""app"",""version"":2,""value"":3831}"
EVT-0232,2026-10-05 13:18:00,REJECTED,"{""source"":""app"",""version"":1,""value"":221}"
EVT-0088,2026-10-05 10:02:00,REJECTED,"{""source"":""app"",""version"":2,""value"":1871}"
EVT-0201,2026-10-05 13:28:00,PENDING,"{""source"":""app"",""version"":4,""value"":1819}"
EVT-0044,2026-10-05 14:17:00,REJECTED,"{""source"":""app"",""version"":3,""value"":8713}"
EVT-0148,2026-10-05 15:40:00,REJECTED,"{""source"":""app"",""version"":2,""value"":2511}"
EVT-0202,2026-10-05 20:11:00,CANCELLED,"{""source"":""app"",""version"":5,""value"":9606}"
EVT-0258,2026-10-05 07:22:00,VALIDATED,"{""source"":""app"",""version"":2,""value"":8442}"
EVT-0077,2026-10-05 12:26:00,CANCELLED,"{""source"":""app"",""version"":4,""value"":1346}"
EVT-0062,2026-10-05 10:52:00,VALIDATED,"{""source"":""app"",""version"":1,""value"":9267}"
EVT-0178,2026-10-05 17:28:00,CANCELLED,"{""source"":""app"",""version"":5,""value"":5842}"
EVT-0022,2026-10-05 10:40:00,CANCELLED,"{""source"":""app"",""version"":4,""value"":1299}"
EVT-0245,2026-10-05 10:18:00,PENDING,"{""source"":""app"",""version"":3,""value"":2159}"
EVT-0151,2026-10-05 15:44:00,REJECTED,"{""source"":""app"",""version"":1,""value"":8261}"
EVT-0254,2026-10-05 10:08:00,CANCELLED,"{""source"":""app"",""version"":5,""value"":6733}"
EVT-0025,2026-10-05 10:01:00,VALIDATED,"{""source"":""app"",""version"":3,""value"":124}"
EVT-0043,2026-10-05 13:33:00,REJECTED,"{""source"":""app"",""version"":4,""value"":5324}"
EVT-0122,2026-10-05 09:21:00,CANCELLED,"{""source"":""app"",""version"":3,""value"":9557}"
EVT-0220,2026-10-05 15:35:00,VALIDATED,"{""source"":""app"",""version"":2,""value"":935}"
EVT-0189,2026-10-05 11:18:00,CANCELLED,"{""source"":""app"",""version"":3,""value"":5760}"
EVT-0075,2026-10-05 14:38:00,VALIDATED,"{""source"":""app"",""version"":2,""value"":5097}"
EVT-0017,2026-10-05 17:44:00,CANCELLED,"{""source"":""app"",""version"":4,""value"":9353}"
EVT-0169,2026-10-05 13:37:00,VALIDATED,"{""source"":""app"",""version"":2,""value"":9031}"
EVT-0138,2026-10-05 12:59:00,CANCELLED,"{""source"":""app"",""version"":2,""value"":2560}"
EVT-0090,2026-10-05 11:42:00,PENDING,"{""source"":""app"",""version"":1,""value"":763}"
EVT-0097,2026-10-05 14:01:00,PENDING,"{""source"":""app"",""version"":3,""value"":3812}"
EVT-0251,2026-10-05 16:19:00,VALIDATED,"{""source"":""app"",""version"":3,""value"":4811}"
EVT-0259,2026-10-05 11:45:00,VALIDATED,"{""source"":""app"",""version"":3,""value"":7593}"
EVT-0019,2026-10-05 12:13:00,VALIDATED,"{""source"":""app"",""version"":2,""value"":3273}"
EVT-0238,2026-10-05 14:33:00,PENDING,"{""source"":""app"",""version"":3,""value"":6470}"
EVT-0080,2026-10-05 16:44:00,VALIDATED,"{""source"":""app"",""version"":2,""value"":2250}"
EVT-0135,2026-10-05 07:57:00,CANCELLED,"{""source"":""app"",""version"":1,""value"":5442}"
EVT-0239,2026-10-05 19:28:00,CANCELLED,"{""source"":""app"",""version"":5,""value"":8564}"
EVT-0208,2026-10-05 10:37:00,VALIDATED,"{""source"":""app"",""version"":2,""value"":9493}"
EVT-0107,2026-10-05 09:36:00,PENDING,"{""source"":""app"",""version"":2,""value"":6266}"
EVT-0167,2026-10-05 13:11:00,CANCELLED,"{""source"":""app"",""version"":2,""value"":6012}"
EVT-0006,2026-10-05 15:08:00,CANCELLED,"{""source"":""app"",""version"":1,""value"":4365}"
EVT-0193,2026-10-05 08:40:00,REJECTED,"{""source"":""app"",""version"":1,""value"":3922}"
EVT-0042,2026-10-05 13:15:00,CANCELLED,"{""source"":""app"",""version"":1,""value"":9096}"
EVT-0230,2026-10-05 12:16:00,REJECTED,"{""source"":""app"",""version"":1,""value"":4316}"
EVT-0228,2026-10-05 15:45:00,PENDING,"{""source"":""app"",""version"":1,""value"":9554}"
EVT-0155,2026-10-05 13:35:00,REJECTED,"{""source"":""app"",""version"":1,""value"":7475}"
EVT-0071,2026-10-05 10:19:00,REJECTED,"{""source"":""app"",""version"":2,""value"":6305}"
EVT-0130,2026-10-05 14:56:00,VALIDATED,"{""source"":""app"",""version"":3,""value"":7134}"
EVT-0237,2026-10-05 15:06:00,VALIDATED,"{""source"":""app"",""version"":3,""value"":120}"
EVT-0123,2026-10-05 15:27:00,CANCELLED,"{""source"":""app"",""version"":1,""value"":9005}"
EVT-0078,2026-10-05 13:58:00,CANCELLED,"{""source"":""app"",""version"":1,""value"":7156}"
EVT-0177,2026-10-05 14:55:00,REJECTED,"{""source"":""app"",""version"":2,""value"":1727}"
EVT-0204,2026-10-05 06:58:00,CANCELLED,"{""source"":""app"",""version"":1,""value"":6904}"
EVT-0037,2026-10-05 15:21:00,PENDING,"{""source"":""app"",""version"":1,""value"":758}"
EVT-0094,2026-10-05 14:41:00,VALIDATED,"{""source"":""app"",""version"":1,""value"":5516}"
EVT-0041,2026-10-05 09:20:00,VALIDATED,"{""source"":""app"",""version"":2,""value"":4554}"
EVT-0217,2026-10-05 07:33:00,CANCELLED,"{""source"":""app"",""version"":1,""value"":6528}"
EVT-0015,2026-10-05 14:34:00,CANCELLED,"{""source"":""app"",""version"":3,""value"":9354}"
EVT-0149,2026-10-05 12:48:00,PENDING,"{""source"":""app"",""version"":2,""value"":9331}"
EVT-0109,2026-10-05 13:25:00,REJECTED,"{""source"":""app"",""version"":2,""value"":1314}"
EVT-0092,2026-10-05 10:10:00,VALIDATED,"{""source"":""app"",""version"":1,""value"":7642}"
EVT-0035,2026-10-05 09:17:00,REJECTED,"{""source"":""app"",""version"":2,""value"":6164}"
EVT-0119,2026-10-05 07:35:00,VALIDATED,"{""source"":""app"",""version"":1,""value"":4072}"
EVT-0186,2026-10-05 12:13:00,CANCELLED,"{""source"":""app"",""version"":1,""value"":4577}"
EVT-0137,2026-10-05 12:06:00,PENDING,"{""source"":""app"",""version"":2,""value"":1509}"
EVT-0050,2026-10-05 13:02:00,PENDING,"{""source"":""app"",""version"":1,""value"":5314}"
EVT-0244,2026-10-05 12:21:00,REJECTED,"{""source"":""app"",""version"":1,""value"":4325}"
EVT-0166,2026-10-05 11:35:00,PENDING,"{""source"":""app"",""version"":1,""value"":3058}"
EVT-0099,2026-10-05 13:55:00,REJECTED,"{""source"":""app"",""version"":2,""value"":7904}"
EVT-0125,2026-10-05 11:59:00,VALIDATED,"{""source"":""app"",""version"":1,""value"":2031}"
EVT-0117,2026-10-05 11:36:00,PENDING,"{""source"":""app"",""version"":2,""value"":1169}"
EVT-0020,2026-10-05 13:14:00,PENDING,"{""source"":""app"",""version"":1,""value"":904}"
EVT-0057,2026-10-05 14:36:00,VALIDATED,"{""source"":""app"",""version"":1,""value"":2150}"
EVT-0136,2026-10-05 13:13:00,REJECTED,"{""source"":""app"",""version"":1,""value"":7130}"
EVT-0171,2026-10-05 10:46:00,CANCELLED,"{""source"":""app"",""version"":1,""value"":5463}"
EVT-0112,2026-10-05 11:36:00,CANCELLED,"{""source"":""app"",""version"":1,""value"":5092}"
EVT-0039,2026-10-05 12:58:00,VALIDATED,"{""source"":""app"",""version"":1,""value"":5579}"
EVT-0157,2026-10-05 12:13:00,VALIDATED,"{""source"":""app"",""version"":2,""value"":720}"
EVT-0033,2026-10-05 13:54:00,VALIDATED,"{""source"":""app"",""version"":1,""value"":3833}"
EVT-0206,2026-10-05 11:21:00,CANCELLED,"{""source"":""app"",""version"":1,""value"":8847}"
EVT-0024,2026-10-05 10:58:00,REJECTED,"{""source"":""app"",""version"":1,""value"":4180}"
