transaction,timestamp,customer,country,amount,currency,status,rejection_reason
TXN-1007,2026-09-30 08:42:08,CUST-007,ES,-12.00,EUR,SUCCESS,amount
TXN-1008,2026-09-30 08:48:51,CUST-008,FR,TWENTY,EUR,SUCCESS,amount
TXN-1009,2026/09/30 08:55:16,CUST-009,BE,17.30,EUR,SUCCESS,timestamp
TXN-1010,not-a-date,CUST-010,FR,62.10,EUR,FAILED,timestamp
TXN-1011,2026-09-30 09:04:27,,FR,5.90,EUR,SUCCESS,customer
TXN-1012,2026-09-30 09:08:14,CUST-012,,14.80,EUR,SUCCESS,country
TXN-1013,2026-09-30 09:12:42,CUST-013,FRA,33.00,EUR,SUCCESS,country
TXN-1014,2026-09-30 09:16:09,CUST-014,FR,51.25,CAD,SUCCESS,currency
TXN-1015,2026-09-30 09:21:55,CUST-015,IT,"28,40",EUR,SUCCESS,amount
TXN-1016,2026-09-30 09:26:33,CUST-016,FR,,EUR,SUCCESS,amount
TXN-1017,2026-09-30 09:31:18,CUST-017,NL,46.75,EUR,DONE,status
TXN-1018,2026-09-30 09:38:06,CUST-018,FR,91.10,EUR,,status
TXN-1021,2026-09-30 10:01:44,CUST-022,DE,75.00,EUR,SUCCESS,duplicate
TXN-1024,2026-09-30 10:11:08,CUST-024,XX,27.60,EUR,SUCCESS,country
,2026-09-30 10:33:04,CUST-028,FR,22.00,EUR,SUCCESS,transaction
TXN-1031,2026-09-30 10:51:40,CUST-031,FR,15.5.2,EUR,SUCCESS,amount
