transaction,timestamp,customer,country,amount,currency,status
TXN-1001,2026-09-30 08:14:22,CUST-001,FR,42.50,EUR,SUCCESS
TXN-1002,2026-09-30 08:16:03,CUST-002,DE,19.99,EUR,SUCCESS
TXN-1003,2026-09-30 08:22:41,CUST-003,GB,125.00,GBP,SUCCESS
TXN-1004,2026-09-30 08:30:11,CUST-004,FR,8.70,EUR,PENDING
TXN-1005,2026-09-30 08:31:59,CUST-005,US,79.95,USD,FAILED
TXN-1006,2026-09-30 08:37:12,CUST-006,FR,31.20,EUR,SUCCESS
TXN-1019,2026-09-30 09:44:39,CUST-019,GB,11.50,GBP,PENDING
TXN-1020,2026-09-30 09:50:02,CUST-020,US,0,USD,SUCCESS
TXN-1021,2026-09-30 09:56:17,CUST-021,FR,100.00,EUR,SUCCESS
TXN-1023,2026-09-30 10:06:30,CUST-023,FR,12.35,EUR,FAILED
TXN-1025,2026-09-30 10:17:51,CUST-025,FR,39.90,USD,SUCCESS
TXN-1026,2026-09-30 10:22:37,CUST-026,DE,18.45,EUR,FAILED
TXN-1027,2026-09-30 10:28:19,CUST-027,FR,13.37,EUR,SUCCESS
TXN-1029,2026-09-30 10:39:58,CUST-029,FR,7.25,EUR,SUCCESS
TXN-1030,2026-09-30 10:45:13,CUST-030,ES,999.99,EUR,PENDING
TXN-1032,2026-09-30 10:58:26,CUST-032,US,44.40,USD,FAILED
TXN-1033,2026-09-30 11:04:12,CUST-033,DE,21.00,EUR,SUCCESS
TXN-1034,2026-09-30 11:09:49,CUST-034,FR,64.20,EUR,SUCCESS
TXN-1035,2026-09-30 11:15:31,CUST-035,GB,30.00,GBP,PENDING
