event_id,event_timestamp,customer_id,event_type,amount,source
EVT-00075,2026-10-03 22:44:00,CUST-0043,ORDER_CREATED,236.17,web
EVT-00089,2026-10-02 12:05:00,CUST-0017,PAYMENT_RECEIVED,99.42,web
EVT-00064,2026-10-02 09:33:00,CUST-0029,PAYMENT_RECEIVED,261.56,mobile
EVT-00093,2026-10-03 09:00:00,CUST-0030,ORDER_CANCELLED,334.42,partner
EVT-00069,2026-10-02 22:24:00,CUST-0021,ORDER_CANCELLED,11.51,web
EVT-00086,2026-10-02 18:48:00,CUST-0055,ORDER_CREATED,256.30,partner
EVT-00129,2026-10-02 01:39:00,CUST-0012,ORDER_UPDATED,174.82,mobile
EVT-00074,2026-10-04 04:12:00,CUST-0049,PAYMENT_RECEIVED,107.36,mobile
EVT-00090,2026-10-02 21:13:00,CUST-0025,PAYMENT_RECEIVED,94.28,partner
EVT-00063,2026-10-02 09:31:00,CUST-0008,PAYMENT_RECEIVED,351.84,web
EVT-00059,2026-10-02 12:49:00,CUST-0040,ORDER_UPDATED,119.87,web
EVT-00107,2026-10-02 16:50:00,CUST-0010,PAYMENT_RECEIVED,282.44,mobile
EVT-00106,2026-10-03 13:13:00,CUST-0030,ORDER_CANCELLED,100.73,partner
EVT-00084,2026-10-03 14:01:00,CUST-0026,PAYMENT_RECEIVED,479.83,partner
EVT-00119,2026-10-03 11:02:00,CUST-0022,ORDER_UPDATED,141.07,mobile
EVT-00133,2026-10-02 05:26:00,CUST-0027,ORDER_CANCELLED,400.19,partner
EVT-00091,2026-10-01 11:39:00,CUST-0017,ORDER_CREATED,228.10,mobile
EVT-00061,2026-10-02 20:39:00,CUST-0015,ORDER_CANCELLED,151.04,partner
EVT-00085,2026-10-03 23:53:00,CUST-0009,ORDER_CREATED,24.37,mobile
EVT-00082,2026-10-02 13:03:00,CUST-0052,ORDER_CANCELLED,336.01,web
EVT-00065,2026-10-02 07:30:00,CUST-0052,ORDER_CANCELLED,494.46,partner
EVT-00113,2026-10-01 21:46:00,CUST-0029,PAYMENT_RECEIVED,17.09,partner
EVT-00122,2026-10-02 18:10:00,CUST-0052,ORDER_UPDATED,180.35,partner
EVT-00120,2026-10-02 01:16:00,CUST-0022,ORDER_CANCELLED,414.43,partner
EVT-00104,2026-10-03 15:00:00,CUST-0012,ORDER_UPDATED,233.29,mobile
EVT-00077,2026-10-02 02:47:00,CUST-0054,ORDER_CANCELLED,28.63,web
EVT-00072,2026-10-02 15:48:00,CUST-0038,ORDER_CANCELLED,330.28,partner
EVT-00099,2026-10-03 05:16:00,CUST-0046,PAYMENT_RECEIVED,498.62,partner
EVT-00130,2026-10-03 23:49:00,CUST-0051,PAYMENT_RECEIVED,61.02,mobile
EVT-00131,2026-10-03 03:53:00,CUST-0002,ORDER_CREATED,15.83,partner
EVT-00100,2026-10-03 05:38:00,CUST-0027,ORDER_CANCELLED,326.17,partner
EVT-00102,2026-10-03 18:04:00,CUST-0055,PAYMENT_RECEIVED,373.72,mobile
EVT-00109,2026-10-02 05:03:00,CUST-0003,ORDER_UPDATED,11.32,mobile
EVT-00128,2026-10-03 06:39:00,CUST-0036,PAYMENT_RECEIVED,445.70,mobile
EVT-00097,2026-10-03 01:16:00,CUST-0032,ORDER_CREATED,168.03,web
EVT-00062,2026-10-02 12:52:00,CUST-0037,ORDER_CANCELLED,82.96,web
EVT-00078,2026-10-01 22:28:00,CUST-0029,ORDER_CANCELLED,220.30,mobile
EVT-00098,2026-10-02 11:05:00,CUST-0023,ORDER_CANCELLED,213.99,mobile
EVT-00066,2026-10-01 15:39:00,CUST-0041,ORDER_UPDATED,190.99,mobile
EVT-00112,2026-10-03 22:21:00,CUST-0012,ORDER_UPDATED,439.67,mobile
EVT-00095,2026-10-02 04:53:00,CUST-0021,ORDER_CANCELLED,394.94,mobile
EVT-00063,2026-10-02 09:31:00,CUST-0008,PAYMENT_RECEIVED,351.84,web
EVT-00067,2026-10-02 13:11:00,CUST-0054,PAYMENT_RECEIVED,93.10,mobile
EVT-00116,2026-10-03 10:16:00,CUST-0003,ORDER_UPDATED,88.89,partner
EVT-00081,2026-10-03 16:30:00,CUST-0054,ORDER_CREATED,473.86,web
EVT-00110,2026-10-03 06:17:00,CUST-0040,ORDER_CREATED,420.66,web
EVT-00115,2026-10-03 06:16:00,CUST-0022,ORDER_UPDATED,371.58,partner
EVT-00079,2026-10-03 13:52:00,CUST-0003,ORDER_CANCELLED,198.59,mobile
EVT-00132,2026-10-02 10:41:00,CUST-0049,ORDER_CANCELLED,499.23,partner
EVT-00121,2026-10-03 16:08:00,CUST-0035,ORDER_CREATED,334.38,mobile
EVT-00134,2026-10-01 20:43:00,CUST-0019,PAYMENT_RECEIVED,497.78,partner
EVT-00101,2026-10-03 03:00:00,CUST-0034,ORDER_UPDATED,167.94,web
EVT-00073,2026-10-01 22:41:00,CUST-0026,ORDER_UPDATED,362.35,partner
EVT-00080,2026-10-02 18:09:00,CUST-0052,ORDER_CANCELLED,185.10,mobile
EVT-00111,2026-10-03 21:31:00,CUST-0025,ORDER_UPDATED,116.33,partner
EVT-00060,2026-10-03 12:57:00,CUST-0034,ORDER_CANCELLED,291.30,mobile
EVT-00070,2026-10-02 08:52:00,CUST-0025,ORDER_UPDATED,131.33,partner
EVT-00087,2026-10-03 15:50:00,CUST-0002,PAYMENT_RECEIVED,223.51,mobile
EVT-00071,2026-10-02 21:37:00,CUST-0042,PAYMENT_RECEIVED,308.62,web
EVT-00124,2026-10-03 15:47:00,CUST-0035,ORDER_CREATED,200.89,partner
EVT-00058,2026-10-02 23:35:00,CUST-0031,ORDER_UPDATED,367.57,web
EVT-00127,2026-10-01 19:16:00,CUST-0031,PAYMENT_RECEIVED,314.83,mobile
EVT-00087,2026-10-03 15:50:00,CUST-0002,PAYMENT_RECEIVED,223.51,mobile
EVT-00057,2026-10-03 01:57:00,CUST-0046,ORDER_CREATED,228.27,web
EVT-00096,2026-10-03 11:18:00,CUST-0006,PAYMENT_RECEIVED,31.73,web
EVT-00075,2026-10-03 22:44:00,CUST-0043,ORDER_CREATED,236.17,web
EVT-00108,2026-10-03 03:25:00,CUST-0007,ORDER_CREATED,396.74,mobile
EVT-00103,2026-10-02 21:40:00,CUST-0019,PAYMENT_RECEIVED,289.18,web
EVT-00083,2026-10-03 12:16:00,CUST-0047,PAYMENT_RECEIVED,198.56,partner
EVT-00126,2026-10-02 06:45:00,CUST-0033,ORDER_CREATED,179.60,web
EVT-00125,2026-10-02 10:33:00,CUST-0040,ORDER_CANCELLED,40.97,web
EVT-00068,2026-10-03 18:00:00,CUST-0055,ORDER_CANCELLED,302.03,partner
EVT-00056,2026-10-03 04:09:00,CUST-0004,ORDER_UPDATED,246.48,web
EVT-00105,2026-10-02 01:45:00,CUST-0029,ORDER_CANCELLED,323.36,mobile
EVT-00092,2026-10-02 02:46:00,CUST-0016,ORDER_UPDATED,171.14,web
EVT-00118,2026-10-02 01:39:00,CUST-0012,ORDER_UPDATED,92.29,partner
EVT-00135,2026-10-01 13:51:00,CUST-0030,ORDER_UPDATED,311.17,mobile
EVT-00088,2026-10-02 02:22:00,CUST-0045,PAYMENT_RECEIVED,177.40,web
EVT-00123,2026-10-03 18:12:00,CUST-0054,ORDER_UPDATED,445.14,partner
EVT-00114,2026-10-03 04:49:00,CUST-0045,PAYMENT_RECEIVED,454.35,mobile
EVT-00076,2026-10-04 06:50:00,CUST-0037,PAYMENT_RECEIVED,38.54,mobile
EVT-00094,2026-10-03 06:08:00,CUST-0048,ORDER_CANCELLED,181.66,mobile
EVT-00117,2026-10-03 13:48:00,CUST-0004,ORDER_UPDATED,180.94,partner
EVT-BAD-02,2026/10/05 10:00,CUST-9998,ORDER_UPDATED,44.00,partner
