order_id,customer_id,event_timestamp,amount,currency,status,region,channel
ORD-000174,CUST-0159,2026-10-01 15:28:33,268.52,GBP,PAID,ap-south,mobile
ORD-000460,CUST-0150,2026-10-01 12:45:41,247.13,GBP,CREATED,ap-south,store
ORD-000423,CUST-0150,2026-10-03 06:19:34,247.99,USD,CREATED,eu-central,mobile
ORD-000259,CUST-0113,2026-10-01 06:31:36,375.90,EUR,CREATED,us-east,web
ORD-000138,CUST-0068,2026-10-03 12:48:34,244.85,USD,SHIPPED,eu-central,store
ORD-000373,CUST-0174,2026-10-02 14:07:06,399.99,USD,CREATED,eu-west,store
ORD-000445,CUST-0153,2026-10-04 14:29:45,181.81,EUR,PAID,ap-south,store
ORD-000062,CUST-0085,2026-10-03 02:39:56,362.24,GBP,SHIPPED,eu-central,store
ORD-000216,CUST-0118,2026-10-02 18:34:00,408.72,USD,CANCELLED,us-east,mobile
ORD-000156,CUST-0054,2026-10-04 01:46:46,392.44,USD,PAID,us-east,store
ORD-000104,CUST-0125,2026-10-03 08:51:20,208.33,USD,CANCELLED,us-east,web
ORD-000256,CUST-0029,2026-10-02 04:28:52,8.01,USD,CREATED,eu-west,web
ORD-000275,CUST-0089,2026-10-04 20:43:32,496.25,GBP,PAID,us-east,web
ORD-000212,CUST-0151,2026-10-04 07:09:33,223.23,GBP,CANCELLED,us-east,store
ORD-000367,CUST-0151,2026-10-04 03:52:06,112.12,EUR,PAID,ap-south,store
ORD-000390,CUST-0116,2026-10-01 08:00:17,294.89,EUR,CANCELLED,eu-central,web
ORD-000348,CUST-0178,2026-10-01 14:03:34,355.28,EUR,CREATED,eu-west,mobile
ORD-000461,CUST-0004,2026-10-01 11:20:47,248.40,EUR,CREATED,ap-south,web
ORD-000278,CUST-0062,2026-10-01 23:00:23,324.39,USD,SHIPPED,eu-central,mobile
ORD-000404,CUST-0153,2026-10-01 07:36:26,254.75,GBP,SHIPPED,eu-central,mobile
ORD-000103,CUST-0024,2026-10-04 03:23:11,436.35,EUR,SHIPPED,eu-west,store
ORD-000126,CUST-0016,2026-10-02 04:42:12,67.56,GBP,CANCELLED,eu-west,store
ORD-000357,CUST-0162,2026-10-01 05:41:10,48.47,GBP,CREATED,eu-west,mobile
ORD-000124,CUST-0036,2026-10-03 00:03:51,346.05,GBP,CANCELLED,us-east,web
ORD-000427,CUST-0153,2026-10-02 16:21:33,268.61,USD,SHIPPED,eu-west,web
ORD-000218,CUST-0073,2026-10-01 16:19:17,162.91,USD,CANCELLED,eu-west,store
ORD-000249,CUST-0039,2026-10-03 18:03:41,129.42,EUR,PAID,ap-south,store
ORD-000333,CUST-0049,2026-10-02 02:17:08,323.87,EUR,CREATED,us-east,mobile
ORD-000197,CUST-0076,2026-10-01 07:29:25,341.31,EUR,PAID,ap-south,mobile
ORD-000001,CUST-0066,2026-10-01 21:47:17,201.22,USD,SHIPPED,ap-south,mobile
ORD-000080,CUST-0105,2026-10-03 23:51:16,184.02,EUR,SHIPPED,eu-central,store
ORD-000224,CUST-0031,2026-10-01 16:22:21,136.83,EUR,SHIPPED,ap-south,mobile
ORD-000497,CUST-0024,2026-10-04 16:35:35,410.24,GBP,CREATED,eu-central,mobile
ORD-000441,CUST-0107,2026-10-03 02:59:16,105.71,GBP,PAID,us-east,web
ORD-000013,CUST-0135,2026-10-02 14:06:33,255.70,EUR,PAID,us-east,mobile
ORD-000176,CUST-0125,2026-10-01 11:45:01,339.96,GBP,CREATED,us-east,mobile
ORD-000435,CUST-0179,2026-10-01 03:18:52,426.85,GBP,PAID,ap-south,mobile
ORD-000498,CUST-0135,2026-10-01 07:58:50,448.00,USD,SHIPPED,ap-south,store
ORD-000402,CUST-0033,2026-10-01 21:21:26,350.63,EUR,CANCELLED,eu-central,store
ORD-000206,CUST-0093,2026-10-03 13:43:08,78.85,USD,PAID,ap-south,store
ORD-000310,CUST-0125,2026-10-03 14:11:33,167.64,USD,CREATED,us-east,store
ORD-000298,CUST-0160,2026-10-03 17:36:13,124.12,USD,CREATED,ap-south,mobile
ORD-000055,CUST-0029,2026-10-01 06:04:52,303.73,USD,PAID,ap-south,store
ORD-000004,CUST-0064,2026-10-03 18:30:02,84.64,EUR,SHIPPED,us-east,web
ORD-000478,CUST-0127,2026-10-04 17:01:10,374.11,GBP,PAID,ap-south,store
ORD-000136,CUST-0091,2026-10-04 17:42:45,471.78,GBP,CREATED,eu-central,store
ORD-000024,CUST-0062,2026-10-03 01:48:02,488.72,USD,SHIPPED,eu-central,mobile
ORD-000200,CUST-0164,2026-10-02 01:01:19,66.44,USD,CREATED,eu-west,mobile
ORD-000023,CUST-0104,2026-10-03 04:01:11,354.63,EUR,CREATED,eu-central,store
ORD-000008,CUST-0003,2026-10-02 16:38:57,107.99,EUR,SHIPPED,ap-south,store
ORD-000195,CUST-0052,2026-10-02 02:02:41,304.20,GBP,CREATED,us-east,store
ORD-000237,CUST-0050,2026-10-04 19:51:14,172.99,USD,SHIPPED,eu-central,web
ORD-000021,CUST-0102,2026-10-04 06:46:51,310.95,EUR,CREATED,eu-west,mobile
ORD-000118,CUST-0145,2026-10-03 20:24:58,23.46,EUR,CREATED,eu-central,web
ORD-000123,CUST-0028,2026-10-04 17:24:10,186.80,GBP,SHIPPED,us-east,mobile
ORD-000408,CUST-0101,2026-10-01 07:45:38,382.42,GBP,CREATED,eu-central,store
ORD-000388,CUST-0003,2026-10-04 17:56:35,257.33,GBP,SHIPPED,us-east,mobile
ORD-000162,CUST-0021,2026-10-02 19:00:55,356.42,EUR,CANCELLED,us-east,store
ORD-000236,CUST-0118,2026-10-04 12:46:10,361.55,EUR,CANCELLED,ap-south,web
ORD-000078,CUST-0099,2026-10-01 15:07:44,247.91,USD,CREATED,eu-west,web
ORD-000099,CUST-0148,2026-10-01 00:16:35,194.19,GBP,SHIPPED,ap-south,mobile
ORD-000438,CUST-0040,2026-10-02 17:11:36,340.74,GBP,CREATED,us-east,mobile
ORD-000407,CUST-0044,2026-10-04 08:46:16,376.52,USD,CANCELLED,ap-south,store
ORD-000113,CUST-0124,2026-10-04 11:31:05,235.59,USD,PAID,us-east,web
ORD-000463,CUST-0149,2026-10-01 07:00:36,175.20,EUR,SHIPPED,eu-central,store
ORD-000458,CUST-0121,2026-10-01 16:55:19,328.38,GBP,SHIPPED,eu-central,mobile
ORD-000191,CUST-0138,2026-10-04 23:19:42,64.74,GBP,SHIPPED,us-east,mobile
ORD-000439,CUST-0036,2026-10-03 12:57:08,26.01,EUR,SHIPPED,eu-west,mobile
ORD-000108,CUST-0059,2026-10-02 11:28:11,266.16,GBP,PAID,ap-south,mobile
ORD-000306,CUST-0056,2026-10-03 14:55:33,491.44,USD,CREATED,us-east,web
ORD-000415,CUST-0080,2026-10-04 05:53:49,133.99,USD,CREATED,eu-central,mobile
ORD-000443,CUST-0010,2026-10-03 07:02:35,109.31,GBP,CREATED,eu-west,web
ORD-000171,CUST-0092,2026-10-02 13:18:50,30.45,GBP,SHIPPED,ap-south,store
ORD-000068,CUST-0002,2026-10-01 04:43:45,210.78,USD,CANCELLED,eu-west,store
ORD-000350,CUST-0037,2026-10-04 11:13:57,141.86,GBP,SHIPPED,eu-west,store
ORD-000139,CUST-0053,2026-10-02 01:04:47,429.84,EUR,CREATED,ap-south,mobile
ORD-000486,CUST-0016,2026-10-04 10:20:48,198.87,GBP,CANCELLED,eu-west,web
ORD-000372,CUST-0105,2026-10-03 11:19:59,181.84,USD,CREATED,us-east,web
ORD-000272,CUST-0008,2026-10-04 07:26:12,387.71,GBP,SHIPPED,us-east,store
ORD-000091,CUST-0084,2026-10-04 03:50:40,16.59,EUR,CREATED,us-east,mobile
ORD-000363,CUST-0121,2026-10-03 17:45:00,44.49,GBP,CREATED,us-east,mobile
ORD-000092,CUST-0108,2026-10-04 14:19:34,99.40,GBP,SHIPPED,eu-central,store
ORD-000268,CUST-0111,2026-10-02 12:26:29,60.36,USD,SHIPPED,eu-central,web
ORD-000305,CUST-0119,2026-10-04 11:33:24,240.59,USD,CREATED,eu-central,store
ORD-000383,CUST-0107,2026-10-01 19:43:33,464.60,USD,PAID,eu-central,store
ORD-000190,CUST-0143,2026-10-04 18:23:29,304.49,EUR,SHIPPED,eu-central,web
ORD-000347,CUST-0092,2026-10-04 03:21:27,37.56,USD,CANCELLED,ap-south,store
ORD-000342,CUST-0180,2026-10-02 22:11:50,119.15,USD,PAID,eu-west,store
ORD-000058,CUST-0171,2026-10-02 03:02:11,201.13,EUR,SHIPPED,ap-south,store
ORD-000225,CUST-0110,2026-10-03 03:16:23,359.14,USD,SHIPPED,eu-central,web
ORD-000326,CUST-0027,2026-10-03 19:12:26,144.89,GBP,PAID,ap-south,store
ORD-000131,CUST-0158,2026-10-04 22:59:28,242.60,EUR,CREATED,eu-west,store
ORD-000127,CUST-0121,2026-10-01 20:07:28,274.89,EUR,PAID,eu-west,store
ORD-000029,CUST-0044,2026-10-01 01:36:17,498.40,USD,CANCELLED,ap-south,web
ORD-000037,CUST-0097,2026-10-03 05:28:35,391.96,USD,CREATED,eu-west,store
ORD-000334,CUST-0050,2026-10-04 21:38:09,334.22,GBP,SHIPPED,eu-west,mobile
ORD-000015,CUST-0054,2026-10-03 22:46:45,84.67,GBP,CANCELLED,eu-central,store
ORD-000396,CUST-0034,2026-10-02 15:38:27,269.86,GBP,CANCELLED,us-east,store
ORD-000049,CUST-0009,2026-10-03 06:15:16,371.42,EUR,PAID,ap-south,store
ORD-000207,CUST-0004,2026-10-02 03:10:20,73.21,GBP,CANCELLED,eu-west,mobile
ORD-000066,CUST-0014,2026-10-04 11:59:49,290.17,GBP,CREATED,eu-central,store
ORD-000444,CUST-0106,2026-10-02 12:29:21,314.29,GBP,SHIPPED,ap-south,mobile
ORD-000280,CUST-0166,2026-10-03 15:41:41,303.44,USD,CREATED,us-east,web
ORD-000465,CUST-0054,2026-10-03 18:16:11,400.04,USD,SHIPPED,us-east,store
ORD-000468,CUST-0058,2026-10-02 21:04:27,386.87,EUR,SHIPPED,eu-west,web
ORD-000260,CUST-0002,2026-10-03 02:28:19,296.58,GBP,PAID,eu-west,web
ORD-000145,CUST-0076,2026-10-01 05:27:16,294.24,GBP,SHIPPED,eu-west,web
ORD-000169,CUST-0036,2026-10-01 15:58:02,121.26,GBP,SHIPPED,eu-west,store
ORD-000304,CUST-0015,2026-10-01 00:46:44,365.39,GBP,CREATED,eu-west,web
ORD-000061,CUST-0055,2026-10-01 16:35:25,133.40,EUR,CREATED,eu-west,mobile
ORD-000432,CUST-0023,2026-10-04 23:37:49,250.22,GBP,CANCELLED,eu-west,web
ORD-000161,CUST-0158,2026-10-04 10:20:34,348.40,GBP,CANCELLED,us-east,mobile
ORD-000269,CUST-0110,2026-10-03 08:48:18,234.24,USD,PAID,us-east,web
ORD-000188,CUST-0011,2026-10-04 06:21:12,376.93,EUR,CANCELLED,eu-west,store
ORD-000242,CUST-0008,2026-10-01 10:56:19,425.05,USD,PAID,eu-central,mobile
ORD-000084,CUST-0037,2026-10-01 23:39:19,181.93,USD,CREATED,eu-west,mobile
ORD-000253,CUST-0021,2026-10-04 16:07:44,418.78,EUR,SHIPPED,us-east,store
ORD-000175,CUST-0081,2026-10-01 00:22:34,16.50,GBP,PAID,ap-south,web
ORD-000056,CUST-0159,2026-10-04 00:56:00,377.91,EUR,CANCELLED,us-east,store
ORD-000340,CUST-0103,2026-10-04 06:08:05,410.85,EUR,SHIPPED,eu-west,store
ORD-000005,CUST-0032,2026-10-02 07:01:26,287.79,GBP,SHIPPED,eu-west,mobile
ORD-000358,CUST-0108,2026-10-01 19:16:59,166.23,EUR,CANCELLED,eu-west,web
ORD-000288,CUST-0078,2026-10-02 01:05:38,213.98,EUR,SHIPPED,eu-central,mobile
ORD-000474,CUST-0042,2026-10-02 12:59:46,496.34,GBP,PAID,eu-central,web
ORD-000085,CUST-0126,2026-10-03 06:25:15,353.48,USD,CANCELLED,eu-central,store
ORD-000051,CUST-0023,2026-10-01 21:17:31,53.03,GBP,SHIPPED,us-east,store
ORD-000417,CUST-0040,2026-10-03 16:10:49,201.25,USD,SHIPPED,eu-central,mobile
ORD-000328,CUST-0129,2026-10-03 11:14:45,202.90,GBP,CANCELLED,us-east,store
ORD-000311,CUST-0156,2026-10-02 16:27:53,148.77,EUR,PAID,us-east,mobile
ORD-000477,CUST-0036,2026-10-03 18:51:26,263.42,EUR,CANCELLED,eu-central,mobile
ORD-000045,CUST-0136,2026-10-03 18:01:36,439.09,EUR,PAID,eu-west,web
ORD-000320,CUST-0013,2026-10-01 23:10:37,293.60,USD,CANCELLED,eu-west,store
ORD-000204,CUST-0158,2026-10-04 07:45:44,140.82,EUR,PAID,eu-central,store
ORD-000370,CUST-0112,2026-10-01 07:57:13,494.84,EUR,PAID,us-east,web
ORD-000464,CUST-0061,2026-10-02 02:35:57,202.69,GBP,PAID,eu-central,store
ORD-000336,CUST-0084,2026-10-03 22:08:26,437.47,USD,SHIPPED,ap-south,store
ORD-000087,CUST-0163,2026-10-04 17:17:29,24.87,USD,SHIPPED,eu-central,web
ORD-000448,CUST-0147,2026-10-02 01:05:50,84.11,USD,CREATED,us-east,store
ORD-000364,CUST-0007,2026-10-03 17:03:54,251.75,GBP,CREATED,eu-west,store
ORD-000222,CUST-0007,2026-10-02 07:37:44,280.99,EUR,PAID,eu-west,web
ORD-000302,CUST-0010,2026-10-02 12:15:43,373.60,GBP,PAID,us-east,store
ORD-000227,CUST-0043,2026-10-04 21:30:00,311.85,GBP,CANCELLED,ap-south,mobile
ORD-000454,CUST-0158,2026-10-01 04:26:17,323.45,GBP,SHIPPED,eu-west,web
ORD-000337,CUST-0111,2026-10-01 09:52:17,400.16,GBP,CANCELLED,ap-south,store
ORD-000455,CUST-0139,2026-10-02 01:31:43,91.68,EUR,CREATED,eu-central,web
ORD-000496,CUST-0122,2026-10-04 13:44:33,101.04,GBP,PAID,eu-central,store
ORD-000426,CUST-0005,2026-10-04 13:28:53,208.23,EUR,SHIPPED,ap-south,web
ORD-000202,CUST-0141,2026-10-02 18:22:28,104.13,GBP,CANCELLED,eu-west,mobile
ORD-000135,CUST-0071,2026-10-01 04:54:29,220.38,EUR,SHIPPED,us-east,store
ORD-000339,CUST-0158,2026-10-02 07:21:20,472.16,GBP,CREATED,eu-central,mobile
ORD-000449,CUST-0169,2026-10-03 10:10:09,33.64,EUR,PAID,ap-south,web
ORD-000102,CUST-0075,2026-10-01 02:55:31,372.72,USD,CREATED,ap-south,store
ORD-000273,CUST-0068,2026-10-01 15:29:21,7.69,USD,CREATED,eu-central,web
ORD-000353,CUST-0082,2026-10-03 04:08:01,205.53,GBP,PAID,us-east,mobile
ORD-000366,CUST-0064,2026-10-03 18:33:16,270.05,EUR,SHIPPED,eu-west,mobile
ORD-000274,CUST-0009,2026-10-04 08:44:16,216.98,GBP,PAID,eu-central,mobile
ORD-000422,CUST-0019,2026-10-02 22:03:16,79.36,GBP,PAID,eu-central,web
ORD-000403,CUST-0057,2026-10-02 01:30:12,133.17,EUR,SHIPPED,eu-west,web
ORD-000327,CUST-0025,2026-10-03 17:56:43,185.32,USD,PAID,ap-south,mobile
ORD-000267,CUST-0097,2026-10-03 13:02:05,392.16,EUR,PAID,eu-west,mobile
ORD-000421,CUST-0114,2026-10-03 18:23:10,413.01,USD,CANCELLED,ap-south,web
ORD-000484,CUST-0080,2026-10-02 12:02:55,367.07,USD,PAID,ap-south,store
ORD-000090,CUST-0085,2026-10-03 23:22:57,125.89,GBP,PAID,ap-south,web
ORD-000240,CUST-0025,2026-10-03 23:50:54,486.63,GBP,CREATED,eu-central,store
ORD-000314,CUST-0143,2026-10-04 11:57:21,229.41,GBP,SHIPPED,eu-central,mobile
ORD-000361,CUST-0134,2026-10-04 17:10:26,313.20,USD,CANCELLED,eu-west,mobile
ORD-000261,CUST-0068,2026-10-04 02:18:21,119.61,GBP,CREATED,ap-south,web
ORD-000499,CUST-0139,2026-10-01 15:42:47,240.98,EUR,CANCELLED,ap-south,web
ORD-000034,CUST-0056,2026-10-03 05:55:09,157.66,EUR,CANCELLED,eu-central,store
ORD-000451,CUST-0039,2026-10-01 12:49:02,433.16,GBP,SHIPPED,eu-west,web
ORD-000088,CUST-0008,2026-10-01 22:33:01,189.35,GBP,CANCELLED,eu-central,mobile
ORD-000165,CUST-0102,2026-10-03 08:44:15,155.69,USD,SHIPPED,ap-south,store
ORD-000433,CUST-0022,2026-10-04 21:50:37,465.85,USD,PAID,ap-south,web
ORD-000203,CUST-0051,2026-10-04 18:36:11,275.14,GBP,CANCELLED,us-east,store
ORD-000073,CUST-0055,2026-10-04 01:41:27,66.79,USD,PAID,eu-central,web
ORD-000130,CUST-0041,2026-10-01 02:05:03,465.86,USD,PAID,us-east,store
ORD-000048,CUST-0148,2026-10-04 14:15:11,481.67,USD,SHIPPED,eu-central,mobile
ORD-000391,CUST-0079,2026-10-03 22:32:21,27.34,USD,SHIPPED,eu-west,store
ORD-000106,CUST-0178,2026-10-01 21:47:26,303.65,GBP,SHIPPED,ap-south,mobile
ORD-000457,CUST-0042,2026-10-02 14:17:52,278.69,USD,SHIPPED,eu-central,store
ORD-000243,CUST-0005,2026-10-04 16:50:36,356.80,EUR,SHIPPED,us-east,store
ORD-000394,CUST-0050,2026-10-04 12:06:52,347.77,EUR,CANCELLED,eu-central,mobile
ORD-000241,CUST-0054,2026-10-04 19:11:35,306.63,EUR,PAID,eu-central,mobile
ORD-000405,CUST-0154,2026-10-01 06:41:38,324.36,GBP,SHIPPED,eu-central,mobile
ORD-000105,CUST-0120,2026-10-01 13:24:29,342.20,USD,CANCELLED,eu-west,store
ORD-000412,CUST-0011,2026-10-03 15:57:44,258.56,EUR,CREATED,ap-south,web
ORD-000283,CUST-0027,2026-10-04 04:32:58,127.99,USD,SHIPPED,eu-west,web
ORD-000360,CUST-0098,2026-10-01 09:27:55,67.42,USD,CREATED,eu-west,mobile
ORD-000352,CUST-0002,2026-10-04 00:58:02,182.48,GBP,CREATED,us-east,web
ORD-000296,CUST-0093,2026-10-02 13:47:17,495.46,USD,SHIPPED,eu-west,mobile
ORD-000115,CUST-0016,2026-10-02 05:44:25,124.54,EUR,CREATED,ap-south,store
ORD-000096,CUST-0133,2026-10-04 12:11:30,355.92,GBP,SHIPPED,eu-central,web
ORD-000418,CUST-0100,2026-10-02 22:42:10,68.88,GBP,CANCELLED,us-east,web
ORD-000428,CUST-0124,2026-10-03 12:42:56,108.78,USD,CREATED,us-east,web
ORD-000378,CUST-0172,2026-10-04 14:54:48,346.18,GBP,CANCELLED,ap-south,store
ORD-000210,CUST-0018,2026-10-01 01:22:19,463.11,EUR,CANCELLED,ap-south,web
ORD-000119,CUST-0070,2026-10-02 13:44:58,238.15,GBP,CREATED,us-east,store
ORD-000312,CUST-0177,2026-10-03 05:19:49,132.44,USD,CANCELLED,ap-south,mobile
ORD-000414,CUST-0129,2026-10-02 13:14:14,300.52,EUR,CREATED,eu-central,web
ORD-000057,CUST-0002,2026-10-04 06:03:22,416.43,EUR,CREATED,eu-central,store
ORD-000434,CUST-0175,2026-10-04 20:12:06,263.40,EUR,CREATED,eu-west,mobile
ORD-000081,CUST-0011,2026-10-04 20:30:19,283.70,EUR,SHIPPED,ap-south,web
ORD-000416,CUST-0085,2026-10-01 08:25:08,208.78,EUR,PAID,eu-west,web
ORD-000151,CUST-0054,2026-10-01 16:16:03,110.43,EUR,SHIPPED,us-east,store
ORD-000052,CUST-0045,2026-10-01 00:06:28,436.46,GBP,CANCELLED,eu-central,web
ORD-000112,CUST-0020,2026-10-04 22:12:37,411.52,USD,PAID,us-east,mobile
ORD-000164,CUST-0060,2026-10-02 22:17:01,23.81,EUR,SHIPPED,eu-west,web
ORD-000071,CUST-0068,2026-10-04 05:56:07,221.68,USD,SHIPPED,eu-central,mobile
ORD-000452,CUST-0006,2026-10-01 16:19:12,15.10,USD,CANCELLED,eu-central,store
ORD-000324,CUST-0115,2026-10-02 18:01:33,73.94,EUR,PAID,eu-central,store
ORD-000315,CUST-0080,2026-10-01 20:06:09,303.54,USD,PAID,us-east,mobile
ORD-000359,CUST-0145,2026-10-02 23:20:16,155.09,USD,PAID,eu-central,store
ORD-000459,CUST-0143,2026-10-02 12:47:24,308.68,GBP,CREATED,eu-central,mobile
ORD-000277,CUST-0127,2026-10-03 02:46:15,22.31,USD,SHIPPED,eu-west,store
ORD-000297,CUST-0081,2026-10-02 08:33:26,11.34,GBP,CREATED,eu-central,mobile
ORD-000386,CUST-0060,2026-10-03 15:09:34,214.71,GBP,SHIPPED,ap-south,store
ORD-000030,CUST-0129,2026-10-04 09:27:25,355.27,GBP,SHIPPED,us-east,mobile
ORD-000245,CUST-0021,2026-10-02 18:11:48,54.67,USD,CANCELLED,eu-west,web
ORD-000041,CUST-0036,2026-10-01 22:48:17,248.98,GBP,SHIPPED,eu-central,web
ORD-000262,CUST-0047,2026-10-01 21:21:13,384.87,USD,CANCELLED,ap-south,store
ORD-000033,CUST-0079,2026-10-03 03:35:25,174.98,EUR,CREATED,us-east,store
ORD-000064,CUST-0118,2026-10-01 10:19:30,425.83,USD,PAID,eu-central,mobile
ORD-000493,CUST-0178,2026-10-04 04:42:27,261.84,USD,PAID,eu-central,web
ORD-000303,CUST-0168,2026-10-03 18:47:55,193.44,GBP,PAID,eu-west,mobile
ORD-000094,CUST-0091,2026-10-02 06:19:48,434.47,EUR,CANCELLED,eu-central,web
ORD-000335,CUST-0177,2026-10-03 14:54:14,450.71,EUR,PAID,eu-central,mobile
ORD-000109,CUST-0130,2026-10-01 20:33:17,137.30,USD,CREATED,us-east,mobile
ORD-000430,CUST-0063,2026-10-04 01:29:28,303.15,USD,SHIPPED,ap-south,store
ORD-000401,CUST-0087,2026-10-01 16:17:11,499.66,EUR,CREATED,ap-south,store
ORD-000488,CUST-0172,2026-10-03 15:10:17,380.06,GBP,PAID,eu-west,mobile
ORD-000437,CUST-0050,2026-10-02 00:36:28,156.62,GBP,PAID,eu-central,store
ORD-000208,CUST-0037,2026-10-03 15:09:52,406.51,EUR,CANCELLED,eu-west,store
ORD-000186,CUST-0113,2026-10-02 10:39:39,452.45,GBP,CREATED,us-east,mobile
ORD-000028,CUST-0081,2026-10-01 14:34:30,341.29,USD,SHIPPED,eu-west,web
ORD-000481,CUST-0139,2026-10-01 15:16:38,434.10,GBP,CREATED,us-east,web
ORD-000183,CUST-0005,2026-10-04 19:45:16,177.59,USD,CANCELLED,eu-west,web
ORD-000194,CUST-0166,2026-10-04 16:09:50,59.20,USD,PAID,eu-central,store
ORD-000343,CUST-0061,2026-10-02 04:50:53,43.05,EUR,PAID,ap-south,web
ORD-000346,CUST-0146,2026-10-01 14:39:57,82.67,EUR,SHIPPED,eu-central,mobile
ORD-000330,CUST-0137,2026-10-03 07:41:39,286.31,USD,PAID,eu-west,web
ORD-000192,CUST-0083,2026-10-03 03:05:04,426.22,EUR,CANCELLED,ap-south,mobile
ORD-000116,CUST-0097,2026-10-02 02:00:43,216.61,USD,CREATED,ap-south,store
ORD-000292,CUST-0156,2026-10-01 08:16:44,209.54,GBP,PAID,eu-central,mobile
ORD-000300,CUST-0145,2026-10-03 19:28:57,271.11,EUR,CANCELLED,eu-central,web
ORD-000167,CUST-0102,2026-10-03 10:50:47,400.79,EUR,CREATED,eu-central,store
ORD-000384,CUST-0167,2026-10-04 06:32:26,13.00,EUR,PAID,ap-south,mobile
ORD-000120,CUST-0042,2026-10-01 10:40:08,327.81,EUR,PAID,eu-west,web
ORD-000232,CUST-0132,2026-10-01 03:27:49,358.21,USD,CREATED,eu-central,mobile
ORD-000065,CUST-0165,2026-10-04 13:07:46,443.75,EUR,CREATED,ap-south,mobile
ORD-000007,CUST-0097,2026-10-01 10:30:41,483.77,GBP,CANCELLED,ap-south,mobile
ORD-000170,CUST-0014,2026-10-02 08:24:28,83.49,EUR,PAID,eu-west,mobile
ORD-000070,CUST-0171,2026-10-03 10:49:39,8.76,USD,PAID,eu-west,mobile
ORD-000281,CUST-0032,2026-10-01 08:35:39,308.86,EUR,CREATED,eu-west,mobile
ORD-000214,CUST-0054,2026-10-01 18:11:45,447.77,USD,SHIPPED,eu-central,store
ORD-000490,CUST-0041,2026-10-03 11:47:14,29.49,GBP,CREATED,us-east,store
ORD-000301,CUST-0082,2026-10-01 03:12:10,197.26,EUR,PAID,us-east,mobile
ORD-000014,CUST-0071,2026-10-01 03:05:04,66.70,GBP,CANCELLED,eu-west,mobile
ORD-000318,CUST-0056,2026-10-03 15:41:24,285.17,USD,PAID,eu-central,web
ORD-000395,CUST-0106,2026-10-04 07:33:31,36.54,USD,SHIPPED,us-east,mobile
ORD-000295,CUST-0023,2026-10-03 05:14:00,118.60,EUR,SHIPPED,eu-central,web
ORD-000271,CUST-0004,2026-10-03 13:55:34,28.85,USD,PAID,us-east,mobile
ORD-000098,CUST-0019,2026-10-04 05:46:09,150.44,GBP,CANCELLED,eu-central,mobile
ORD-000142,CUST-0003,2026-10-03 10:55:37,154.79,GBP,CANCELLED,us-east,store
ORD-000387,CUST-0062,2026-10-03 22:35:15,60.88,GBP,CREATED,us-east,store
ORD-000447,CUST-0066,2026-10-04 22:35:49,79.47,GBP,PAID,eu-west,mobile
ORD-000247,CUST-0173,2026-10-01 23:44:44,309.36,GBP,CREATED,ap-south,store
ORD-000027,CUST-0061,2026-10-02 11:47:43,215.58,GBP,SHIPPED,eu-west,store
ORD-000196,CUST-0141,2026-10-02 10:22:43,309.43,USD,PAID,eu-central,store
ORD-000264,CUST-0128,2026-10-03 03:57:18,289.12,GBP,CREATED,eu-west,mobile
ORD-000329,CUST-0036,2026-10-04 23:09:18,88.40,EUR,CANCELLED,ap-south,web
ORD-000378,CUST-0172,2026-10-04 14:54:48,346.18,GBP,CANCELLED,ap-south,store
ORD-000279,CUST-0007,2026-10-04 00:33:35,43.77,USD,CREATED,ap-south,web
ORD-000410,CUST-0114,2026-10-03 22:35:13,122.22,USD,PAID,us-east,store
ORD-000411,CUST-0029,2026-10-04 10:57:10,463.97,GBP,CANCELLED,us-east,store
ORD-000413,CUST-0072,2026-10-02 02:31:13,64.94,EUR,SHIPPED,us-east,web
ORD-000046,CUST-0114,2026-10-04 02:12:23,255.00,GBP,CANCELLED,ap-south,store
ORD-000429,CUST-0022,2026-10-02 13:09:56,87.43,EUR,CREATED,eu-west,store
ORD-000089,CUST-0075,2026-10-01 11:59:27,126.67,EUR,PAID,eu-west,mobile
ORD-000173,CUST-0144,2026-10-04 08:26:59,20.86,USD,CREATED,us-east,web
ORD-000107,CUST-0133,2026-10-04 00:57:35,201.97,USD,CREATED,eu-central,mobile
ORD-000351,CUST-0159,2026-10-04 22:59:10,411.71,USD,CREATED,ap-south,mobile
ORD-000239,CUST-0136,2026-10-01 07:23:51,381.23,GBP,CANCELLED,ap-south,mobile
ORD-000141,CUST-0113,2026-10-02 17:51:15,250.62,EUR,CANCELLED,us-east,store
ORD-000047,CUST-0104,2026-10-01 15:14:16,427.60,USD,SHIPPED,ap-south,store
ORD-000308,CUST-0143,2026-10-03 05:36:37,285.54,USD,PAID,us-east,mobile
ORD-000307,CUST-0010,2026-10-02 12:34:15,207.76,USD,CANCELLED,eu-central,store
ORD-000013,CUST-0135,2026-10-02 14:06:33,255.70,EUR,PAID,us-east,mobile
ORD-000355,CUST-0168,2026-10-01 20:23:22,8.56,GBP,SHIPPED,ap-south,mobile
ORD-000095,CUST-0006,2026-10-04 06:17:39,429.95,GBP,CREATED,ap-south,web
ORD-000487,CUST-0005,2026-10-02 17:05:07,250.31,EUR,CREATED,ap-south,mobile
ORD-000146,CUST-0016,2026-10-01 08:47:51,197.41,EUR,CREATED,eu-west,web
ORD-000137,CUST-0122,2026-10-03 09:52:16,265.95,GBP,SHIPPED,ap-south,web
ORD-000082,CUST-0012,2026-10-04 19:53:06,465.73,EUR,PAID,eu-west,web
ORD-000365,CUST-0171,2026-10-02 17:50:53,175.01,GBP,PAID,eu-central,store
ORD-000450,CUST-0055,2026-10-03 08:26:45,46.34,GBP,PAID,eu-west,store
ORD-000321,CUST-0047,2026-10-01 13:34:14,261.50,EUR,CANCELLED,eu-west,mobile
ORD-000002,CUST-0137,2026-10-04 05:43:56,427.42,USD,CREATED,ap-south,store
ORD-000031,CUST-0016,2026-10-01 15:01:38,311.44,USD,PAID,us-east,mobile
ORD-000286,CUST-0125,2026-10-04 18:59:35,122.88,USD,CANCELLED,ap-south,mobile
ORD-000011,CUST-0174,2026-10-04 20:57:51,260.81,USD,SHIPPED,ap-south,web
ORD-000104,CUST-0125,2026-10-03 08:51:20,208.33,USD,CANCELLED,us-east,web
ORD-000180,CUST-0073,2026-10-03 21:05:46,360.71,USD,SHIPPED,us-east,web
ORD-000338,CUST-0033,2026-10-03 10:39:35,93.92,USD,CANCELLED,us-east,store
ORD-000406,CUST-0049,2026-10-03 16:30:52,226.87,USD,CANCELLED,eu-central,web
ORD-000159,CUST-0153,2026-10-03 11:54:55,446.95,EUR,CREATED,ap-south,store
ORD-000316,CUST-0150,2026-10-02 14:30:47,263.66,USD,CANCELLED,us-east,store
ORD-000250,CUST-0059,2026-10-04 14:52:45,63.18,USD,CANCELLED,us-east,mobile
ORD-000016,CUST-0012,2026-10-01 16:18:10,479.24,GBP,SHIPPED,eu-west,mobile
ORD-000032,CUST-0060,2026-10-01 12:53:12,309.99,USD,CANCELLED,eu-central,mobile
ORD-000371,CUST-0121,2026-10-03 23:30:16,99.92,EUR,CREATED,ap-south,mobile
ORD-000482,CUST-0009,2026-10-03 13:36:45,496.18,USD,CANCELLED,us-east,web
ORD-000494,CUST-0065,2026-10-03 20:52:21,487.10,EUR,CREATED,eu-west,mobile
ORD-000480,CUST-0106,2026-10-02 00:28:50,329.03,EUR,PAID,eu-central,store
ORD-000217,CUST-0006,2026-10-02 09:27:53,213.19,USD,PAID,eu-central,web
ORD-000485,CUST-0092,2026-10-04 05:21:28,107.72,USD,PAID,ap-south,mobile
ORD-000345,CUST-0086,2026-10-02 15:21:04,301.25,USD,PAID,us-east,store
ORD-000035,CUST-0138,2026-10-04 11:32:25,118.38,GBP,SHIPPED,us-east,web
ORD-000322,CUST-0161,2026-10-02 02:30:23,8.03,GBP,PAID,eu-central,web
ORD-000042,CUST-0071,2026-10-01 17:29:12,248.18,EUR,CREATED,us-east,mobile
ORD-000039,CUST-0096,2026-10-03 02:15:21,443.68,USD,CREATED,us-east,mobile
ORD-000356,CUST-0032,2026-10-02 04:27:00,25.20,EUR,PAID,ap-south,store
ORD-000379,CUST-0115,2026-10-01 07:18:43,175.48,GBP,SHIPPED,ap-south,store
ORD-000044,CUST-0066,2026-10-01 13:04:02,292.47,USD,SHIPPED,ap-south,store
ORD-000019,CUST-0113,2026-10-04 09:17:33,129.38,EUR,PAID,eu-central,store
ORD-000150,CUST-0080,2026-10-04 14:44:48,301.99,USD,SHIPPED,eu-central,web
ORD-000467,CUST-0144,2026-10-01 02:48:58,233.98,GBP,CREATED,ap-south,web
ORD-000238,CUST-0019,2026-10-03 04:23:03,402.34,GBP,PAID,eu-west,store
ORD-000074,CUST-0131,2026-10-01 01:24:54,339.14,EUR,SHIPPED,ap-south,store
ORD-000050,CUST-0006,2026-10-03 02:05:56,350.56,GBP,SHIPPED,ap-south,store
ORD-000398,CUST-0015,2026-10-02 23:24:06,378.84,USD,PAID,us-east,store
ORD-000462,CUST-0147,2026-10-04 01:59:54,337.16,USD,SHIPPED,eu-west,mobile
ORD-000377,CUST-0177,2026-10-02 11:13:55,165.92,GBP,SHIPPED,us-east,store
ORD-000168,CUST-0137,2026-10-03 02:28:59,299.53,USD,CANCELLED,ap-south,store
ORD-000313,CUST-0024,2026-10-02 10:33:31,388.42,EUR,PAID,eu-central,web
ORD-000149,CUST-0061,2026-10-02 22:43:33,221.74,GBP,PAID,us-east,store
ORD-000235,CUST-0150,2026-10-03 11:50:45,10.97,USD,CREATED,us-east,mobile
ORD-000020,CUST-0140,2026-10-03 08:24:46,221.54,EUR,PAID,eu-west,web
ORD-000211,CUST-0150,2026-10-03 13:35:57,142.61,EUR,CANCELLED,eu-west,mobile
ORD-000317,CUST-0027,2026-10-04 13:15:32,303.32,EUR,CANCELLED,eu-west,mobile
ORD-000220,CUST-0089,2026-10-03 14:46:16,53.52,USD,CREATED,us-east,web
ORD-000036,CUST-0124,2026-10-01 00:41:32,498.21,EUR,CANCELLED,us-east,web
ORD-000077,CUST-0003,2026-10-04 19:00:41,315.23,EUR,PAID,eu-central,web
ORD-000163,CUST-0147,2026-10-01 02:48:28,132.21,GBP,PAID,us-east,store
ORD-000244,CUST-0015,2026-10-02 01:05:32,118.76,USD,PAID,us-east,web
ORD-000117,CUST-0162,2026-10-02 07:14:21,156.95,USD,CANCELLED,eu-west,web
ORD-000209,CUST-0177,2026-10-04 12:08:46,469.08,USD,SHIPPED,ap-south,store
ORD-000263,CUST-0118,2026-10-03 20:08:09,65.44,GBP,CREATED,us-east,store
ORD-000006,CUST-0075,2026-10-02 19:38:53,209.40,EUR,SHIPPED,eu-central,store
ORD-000097,CUST-0164,2026-10-01 18:33:08,325.69,USD,PAID,us-east,web
ORD-000254,CUST-0122,2026-10-03 16:14:59,481.22,GBP,SHIPPED,eu-west,store
ORD-000470,CUST-0003,2026-10-02 09:19:10,27.35,GBP,CREATED,eu-central,web
ORD-000362,CUST-0118,2026-10-03 15:05:55,318.42,EUR,PAID,ap-south,store
ORD-000144,CUST-0103,2026-10-01 07:20:00,304.19,EUR,SHIPPED,us-east,mobile
ORD-000399,CUST-0073,2026-10-03 11:41:23,401.45,GBP,PAID,ap-south,mobile
ORD-000025,CUST-0027,2026-10-03 11:10:47,204.98,USD,CREATED,eu-central,web
ORD-000392,CUST-0176,2026-10-04 01:58:41,26.60,EUR,CREATED,ap-south,store
ORD-000344,CUST-0050,2026-10-04 00:24:58,363.80,GBP,SHIPPED,us-east,mobile
ORD-000152,CUST-0046,2026-10-01 14:39:56,381.00,EUR,CREATED,ap-south,web
ORD-000009,CUST-0134,2026-10-01 01:30:02,414.13,USD,SHIPPED,eu-west,mobile
ORD-000079,CUST-0098,2026-10-04 00:33:09,45.51,EUR,CREATED,eu-central,web
ORD-000012,CUST-0137,2026-10-04 08:49:02,97.07,GBP,CANCELLED,eu-west,store
ORD-000086,CUST-0087,2026-10-02 19:46:40,15.12,EUR,PAID,eu-west,web
ORD-000341,CUST-0081,2026-10-02 11:35:36,217.51,EUR,PAID,eu-west,mobile
ORD-000492,CUST-0016,2026-10-03 07:04:08,352.63,USD,PAID,ap-south,web
ORD-000215,CUST-0127,2026-10-01 15:45:54,216.67,GBP,SHIPPED,ap-south,mobile
ORD-000038,CUST-0066,2026-10-01 12:38:59,307.32,GBP,CANCELLED,eu-central,web
ORD-000425,CUST-0022,2026-10-04 05:54:41,71.61,GBP,PAID,eu-central,store
ORD-000158,CUST-0081,2026-10-04 20:12:37,331.37,USD,CANCELLED,ap-south,store
ORD-000178,CUST-0116,2026-10-01 04:07:36,373.62,EUR,PAID,eu-west,web
ORD-000289,CUST-0168,2026-10-03 12:29:30,18.44,USD,CREATED,eu-west,store
ORD-000285,CUST-0166,2026-10-01 23:35:19,12.07,EUR,CREATED,ap-south,web
ORD-000270,CUST-0075,2026-10-03 18:04:58,190.45,USD,PAID,eu-west,mobile
ORD-000072,CUST-0168,2026-10-01 14:59:53,297.64,GBP,SHIPPED,eu-west,mobile
ORD-000354,CUST-0031,2026-10-01 13:33:28,441.88,USD,SHIPPED,eu-central,store
ORD-000043,CUST-0120,2026-10-03 16:20:27,156.19,USD,PAID,us-east,store
ORD-000491,CUST-0147,2026-10-03 05:44:13,129.82,USD,CANCELLED,eu-central,store
ORD-000255,CUST-0054,2026-10-01 02:14:10,344.07,GBP,PAID,eu-west,mobile
ORD-000276,CUST-0057,2026-10-04 03:49:33,179.81,USD,CANCELLED,eu-central,web
ORD-000199,CUST-0095,2026-10-03 05:44:31,48.93,GBP,SHIPPED,eu-west,store
ORD-000230,CUST-0019,2026-10-04 13:38:12,338.85,EUR,CANCELLED,ap-south,web
ORD-000291,CUST-0168,2026-10-01 14:30:20,336.81,EUR,PAID,us-east,store
ORD-000181,CUST-0163,2026-10-01 14:37:27,325.00,GBP,CANCELLED,us-east,store
ORD-000246,CUST-0009,2026-10-03 04:43:44,434.39,USD,CANCELLED,ap-south,store
ORD-000266,CUST-0093,2026-10-03 19:45:49,313.59,GBP,CREATED,eu-west,web
ORD-000309,CUST-0131,2026-10-01 07:10:14,111.47,GBP,CREATED,ap-south,mobile
ORD-000221,CUST-0177,2026-10-01 08:04:53,128.46,USD,PAID,eu-west,mobile
ORD-000376,CUST-0058,2026-10-04 07:48:46,87.25,USD,PAID,eu-central,web
ORD-000331,CUST-0016,2026-10-02 04:29:21,321.95,USD,PAID,eu-west,store
ORD-000252,CUST-0151,2026-10-01 03:30:01,183.77,EUR,CREATED,eu-central,store
ORD-000067,CUST-0044,2026-10-04 20:38:22,342.66,GBP,PAID,eu-west,web
ORD-000101,CUST-0003,2026-10-02 02:35:51,155.39,EUR,SHIPPED,us-east,mobile
ORD-000114,CUST-0155,2026-10-03 09:03:48,160.69,GBP,SHIPPED,us-east,store
ORD-000471,CUST-0176,2026-10-01 22:52:57,386.34,USD,PAID,eu-central,web
ORD-000476,CUST-0118,2026-10-01 14:50:08,57.43,GBP,CREATED,us-east,mobile
ORD-000213,CUST-0163,2026-10-03 10:59:23,67.27,EUR,CREATED,eu-central,web
ORD-000060,CUST-0150,2026-10-01 17:31:25,313.16,EUR,CREATED,eu-central,store
ORD-000069,CUST-0163,2026-10-03 14:37:56,22.94,GBP,PAID,eu-west,web
ORD-000048,CUST-0148,2026-10-04 14:15:11,481.67,USD,SHIPPED,eu-central,mobile
ORD-000018,CUST-0122,2026-10-01 01:35:23,335.46,EUR,CANCELLED,eu-west,store
ORD-000093,CUST-0041,2026-10-04 06:38:10,417.83,USD,SHIPPED,eu-central,web
ORD-000185,CUST-0042,2026-10-01 23:50:04,460.54,USD,SHIPPED,ap-south,mobile
ORD-000166,CUST-0024,2026-10-01 10:41:33,444.39,EUR,CREATED,ap-south,web
ORD-000473,CUST-0176,2026-10-04 21:15:32,131.91,EUR,PAID,eu-central,web
ORD-000400,CUST-0055,2026-10-04 06:31:22,80.24,USD,CREATED,eu-central,store
ORD-000375,CUST-0100,2026-10-02 19:46:14,195.76,EUR,SHIPPED,us-east,web
ORD-000389,CUST-0048,2026-10-03 14:59:44,285.93,USD,SHIPPED,ap-south,web
ORD-000290,CUST-0166,2026-10-04 12:04:57,140.84,EUR,CREATED,us-east,web
ORD-000179,CUST-0156,2026-10-03 19:08:23,178.83,EUR,PAID,eu-west,store
ORD-000193,CUST-0044,2026-10-02 01:09:48,198.46,GBP,CANCELLED,ap-south,mobile
ORD-000323,CUST-0037,2026-10-04 07:16:01,386.24,EUR,CANCELLED,eu-central,web
ORD-000453,CUST-0105,2026-10-02 10:46:46,336.23,GBP,CREATED,ap-south,mobile
ORD-000420,CUST-0121,2026-10-01 11:03:43,102.27,GBP,PAID,eu-west,store
ORD-000440,CUST-0142,2026-10-02 07:37:09,19.85,GBP,SHIPPED,us-east,web
ORD-000380,CUST-0069,2026-10-04 11:24:42,257.92,GBP,CANCELLED,us-east,web
ORD-000222,CUST-0007,2026-10-02 07:37:44,280.99,EUR,PAID,eu-west,web
ORD-000424,CUST-0031,2026-10-03 23:18:26,353.06,USD,SHIPPED,us-east,mobile
ORD-000374,CUST-0015,2026-10-03 03:11:43,347.81,USD,CANCELLED,eu-west,store
ORD-000446,CUST-0105,2026-10-01 12:16:00,475.24,GBP,SHIPPED,ap-south,store
ORD-000003,CUST-0152,2026-10-03 10:53:51,356.02,GBP,CREATED,us-east,store
ORD-000122,CUST-0064,2026-10-01 10:20:06,440.60,USD,PAID,ap-south,store
ORD-000155,CUST-0010,2026-10-01 19:42:53,143.72,USD,SHIPPED,eu-west,mobile
ORD-000063,CUST-0093,2026-10-03 19:16:20,24.46,USD,PAID,eu-west,web
ORD-000157,CUST-0179,2026-10-04 14:25:21,377.81,USD,CANCELLED,ap-south,mobile
ORD-000282,CUST-0055,2026-10-04 02:48:18,51.13,EUR,CANCELLED,eu-central,store
ORD-000059,CUST-0054,2026-10-02 06:19:44,301.00,USD,SHIPPED,ap-south,mobile
ORD-000129,CUST-0038,2026-10-03 11:12:12,162.04,USD,CREATED,ap-south,web
ORD-000111,CUST-0135,2026-10-01 03:42:54,175.37,EUR,SHIPPED,eu-west,store
ORD-000010,CUST-0141,2026-10-03 09:13:35,336.40,GBP,CREATED,ap-south,web
ORD-000026,CUST-0024,2026-10-02 11:09:29,357.89,EUR,PAID,ap-south,web
ORD-000257,CUST-0150,2026-10-01 14:47:21,70.81,USD,CANCELLED,ap-south,mobile
ORD-000299,CUST-0137,2026-10-01 17:46:30,191.77,GBP,SHIPPED,eu-west,web
ORD-000153,CUST-0013,2026-10-04 22:49:36,427.73,USD,PAID,eu-central,mobile
ORD-000431,CUST-0030,2026-10-01 00:59:35,127.90,EUR,PAID,eu-central,mobile
ORD-000284,CUST-0158,2026-10-03 13:57:17,123.94,USD,PAID,eu-west,web
ORD-000332,CUST-0093,2026-10-04 22:05:45,180.70,EUR,SHIPPED,ap-south,web
ORD-000442,CUST-0045,2026-10-02 07:15:42,91.43,EUR,CREATED,eu-central,web
ORD-000148,CUST-0007,2026-10-03 16:21:45,216.69,USD,PAID,eu-central,mobile
ORD-000187,CUST-0064,2026-10-03 07:17:30,213.22,USD,CREATED,eu-central,web
ORD-000201,CUST-0133,2026-10-02 07:37:31,151.01,GBP,CANCELLED,ap-south,web
ORD-000397,CUST-0075,2026-10-03 14:57:32,20.79,EUR,SHIPPED,ap-south,store
ORD-000393,CUST-0177,2026-10-03 22:57:14,217.61,GBP,CANCELLED,eu-west,store
ORD-000184,CUST-0154,2026-10-02 14:43:30,46.74,EUR,SHIPPED,eu-west,mobile
ORD-000228,CUST-0068,2026-10-03 13:55:28,498.05,GBP,SHIPPED,us-east,web
ORD-000134,CUST-0123,2026-10-04 16:38:13,283.70,USD,SHIPPED,ap-south,store
ORD-000160,CUST-0169,2026-10-02 13:49:35,112.55,EUR,SHIPPED,eu-west,store
ORD-000223,CUST-0175,2026-10-01 08:14:55,402.74,GBP,CANCELLED,us-east,store
ORD-000265,CUST-0163,2026-10-04 21:15:04,458.34,USD,CREATED,ap-south,store
ORD-000121,CUST-0022,2026-10-04 12:43:53,104.38,GBP,CREATED,us-east,web
ORD-000147,CUST-0105,2026-10-01 01:20:10,306.48,GBP,SHIPPED,ap-south,mobile
ORD-000495,CUST-0040,2026-10-04 20:45:15,352.53,EUR,PAID,ap-south,web
ORD-000189,CUST-0176,2026-10-04 05:57:25,75.61,EUR,CANCELLED,ap-south,web
ORD-000234,CUST-0035,2026-10-03 15:15:44,68.36,EUR,SHIPPED,eu-west,store
ORD-000489,CUST-0118,2026-10-02 01:57:53,397.99,EUR,CANCELLED,eu-central,mobile
ORD-000500,CUST-0073,2026-10-02 11:34:52,278.85,USD,PAID,us-east,web
ORD-000483,CUST-0134,2026-10-02 12:52:41,19.02,USD,CREATED,ap-south,mobile
ORD-000293,CUST-0119,2026-10-04 07:43:52,422.69,GBP,PAID,eu-central,web
ORD-000198,CUST-0020,2026-10-03 17:19:27,22.13,USD,CANCELLED,ap-south,store
ORD-000054,CUST-0005,2026-10-02 18:59:35,218.85,USD,SHIPPED,us-east,web
ORD-000110,CUST-0060,2026-10-04 04:36:09,125.81,EUR,SHIPPED,ap-south,store
ORD-000294,CUST-0084,2026-10-04 04:16:08,425.72,USD,PAID,eu-west,mobile
ORD-000219,CUST-0065,2026-10-03 04:11:04,200.72,EUR,CREATED,ap-south,store
ORD-000040,CUST-0079,2026-10-03 20:04:18,361.09,EUR,CREATED,eu-west,mobile
ORD-000466,CUST-0093,2026-10-01 09:55:14,277.05,USD,CREATED,eu-central,web
ORD-000409,CUST-0135,2026-10-01 13:37:44,471.35,GBP,CANCELLED,eu-central,web
ORD-000325,CUST-0152,2026-10-04 19:27:17,157.98,USD,SHIPPED,ap-south,store
ORD-000132,CUST-0009,2026-10-03 21:52:22,19.01,USD,CANCELLED,ap-south,store
ORD-000053,CUST-0152,2026-10-04 20:05:19,428.96,EUR,SHIPPED,eu-central,store
ORD-000205,CUST-0164,2026-10-03 17:30:25,283.09,USD,CREATED,us-east,web
ORD-000075,CUST-0104,2026-10-03 08:17:13,115.80,USD,CREATED,eu-west,web
ORD-000381,CUST-0133,2026-10-04 13:26:46,193.65,USD,CANCELLED,us-east,mobile
ORD-000436,CUST-0074,2026-10-01 19:14:43,444.14,GBP,PAID,us-east,mobile
ORD-000143,CUST-0030,2026-10-01 02:01:58,430.03,USD,PAID,us-east,mobile
ORD-000226,CUST-0024,2026-10-02 09:21:37,411.10,GBP,PAID,eu-central,mobile
ORD-000177,CUST-0159,2026-10-03 19:39:37,140.92,GBP,CANCELLED,eu-west,mobile
ORD-000233,CUST-0157,2026-10-01 13:06:17,57.28,GBP,CANCELLED,us-east,mobile
ORD-000472,CUST-0032,2026-10-03 13:54:23,45.91,USD,CREATED,eu-west,mobile
ORD-000479,CUST-0152,2026-10-02 12:57:02,18.86,GBP,CREATED,eu-west,store
ORD-000125,CUST-0111,2026-10-03 04:46:29,52.47,EUR,CANCELLED,eu-central,mobile
ORD-000248,CUST-0026,2026-10-04 16:46:27,88.67,USD,PAID,us-east,store
ORD-000382,CUST-0102,2026-10-02 04:52:54,334.46,EUR,PAID,eu-west,mobile
ORD-000172,CUST-0074,2026-10-01 21:02:22,112.79,USD,CANCELLED,eu-central,web
ORD-000456,CUST-0081,2026-10-01 08:12:19,308.55,USD,SHIPPED,eu-central,mobile
ORD-000154,CUST-0108,2026-10-04 08:00:38,412.82,GBP,PAID,eu-west,web
ORD-000369,CUST-0037,2026-10-04 07:54:05,308.26,EUR,PAID,ap-south,mobile
ORD-000128,CUST-0108,2026-10-03 21:03:42,96.87,USD,CREATED,ap-south,web
ORD-000022,CUST-0042,2026-10-01 01:33:26,342.32,GBP,CANCELLED,us-east,mobile
ORD-000287,CUST-0095,2026-10-01 10:38:51,199.75,EUR,SHIPPED,ap-south,store
ORD-000140,CUST-0123,2026-10-01 22:35:38,353.66,USD,SHIPPED,eu-central,web
ORD-000469,CUST-0142,2026-10-03 02:16:39,257.09,GBP,CANCELLED,eu-west,mobile
ORD-000368,CUST-0117,2026-10-01 22:45:53,459.08,EUR,CANCELLED,us-east,mobile
ORD-000251,CUST-0019,2026-10-04 02:56:20,304.99,GBP,CREATED,us-east,web
ORD-000083,CUST-0165,2026-10-04 02:34:56,153.99,USD,CREATED,ap-south,store
ORD-000419,CUST-0018,2026-10-02 01:21:07,72.10,USD,PAID,eu-central,store
ORD-000475,CUST-0168,2026-10-03 02:18:39,262.52,EUR,SHIPPED,ap-south,store
ORD-000258,CUST-0017,2026-10-04 19:04:12,36.00,GBP,CANCELLED,eu-west,web
ORD-000076,CUST-0134,2026-10-01 15:20:34,141.39,GBP,CREATED,us-east,mobile
ORD-000385,CUST-0001,2026-10-02 18:29:41,219.83,EUR,CREATED,eu-west,store
ORD-000349,CUST-0055,2026-10-01 02:12:05,276.55,USD,CREATED,us-east,web
ORD-000182,CUST-0039,2026-10-03 15:35:16,383.40,GBP,CREATED,eu-west,web
ORD-000319,CUST-0121,2026-10-03 12:41:03,68.46,USD,SHIPPED,ap-south,store
ORD-000231,CUST-0170,2026-10-04 10:53:55,121.11,EUR,SHIPPED,ap-south,store
ORD-000100,CUST-0084,2026-10-02 12:38:49,467.79,EUR,CANCELLED,eu-west,web
ORD-000133,CUST-0103,2026-10-02 23:40:19,213.31,GBP,CREATED,eu-central,store
ORD-000017,CUST-0001,2026-10-03 00:10:56,332.01,GBP,PAID,eu-west,mobile
ORD-000229,CUST-0025,2026-10-01 22:08:35,385.28,USD,CREATED,eu-central,mobile
